IDDIST,NOMBDEP,NOMBPROV,NOMBDIST,AREA_KM2
030220,APURIMAC,ANDAHUAYLAS,JOSE MARIA ARGUEDAS,175.236
030415,APURIMAC,AYMARAES,TINTAY,142.393
030409,APURIMAC,AYMARAES,LUCRE,103.766
030214,APURIMAC,ANDAHUAYLAS,SAN MIGUEL DE CHACCRAMPA,84.929
030206,APURIMAC,ANDAHUAYLAS,HUAYANA,95.32
030404,APURIMAC,AYMARAES,CHAPIMARCA,204.06
030405,APURIMAC,AYMARAES,COLCABAMBA,91.771
030304,APURIMAC,ANTABAMBA,JUAN ESPINOZA MEDRANO,632.359
030406,APURIMAC,AYMARAES,COTARUSE,1735.304
030301,APURIMAC,ANTABAMBA,ANTABAMBA,602.523
030403,APURIMAC,AYMARAES,CARAYBAMBA,230.271
030303,APURIMAC,ANTABAMBA,HUAQUIRCA,350.743
030307,APURIMAC,ANTABAMBA,SABAINO,176.532
030713,APURIMAC,GRAU,VIRUNDO,114.248
030401,APURIMAC,AYMARAES,CHALHUANCA,339.028
030410,APURIMAC,AYMARAES,POCOHUANCA,87.573
030305,APURIMAC,ANTABAMBA,OROPESA,1170.603
030417,APURIMAC,AYMARAES,YANACA,104.366
030504,APURIMAC,COTABAMBAS,HAQUIRA,484.064
030705,APURIMAC,GRAU,MAMARA,62.668
030711,APURIMAC,GRAU,TURPAY,50.97
030709,APURIMAC,GRAU,SAN ANTONIO,25.354
030707,APURIMAC,GRAU,PATAYPAMPA,146.412
030412,APURIMAC,AYMARAES,SAÑAYCA,365.244
030306,APURIMAC,ANTABAMBA,PACHACONAS,229.231
030413,APURIMAC,AYMARAES,SORAYA,44.385
030710,APURIMAC,GRAU,SANTA ROSA,31.042
030506,APURIMAC,COTABAMBAS,CHALLHUAHUACHO,453.501
030210,APURIMAC,ANDAHUAYLAS,PAMPACHIRI,590.658
030302,APURIMAC,ANTABAMBA,EL ORO,66.604
030701,APURIMAC,GRAU,CHUQUIBAMBILLA,425.409
030414,APURIMAC,AYMARAES,TAPAIRIHUA,158.187
030402,APURIMAC,AYMARAES,CAPAYA,83.288
030712,APURIMAC,GRAU,VILCABAMBA,6.579
030706,APURIMAC,GRAU,MICAELA BASTIDAS,104.777
030211,APURIMAC,ANDAHUAYLAS,POMACOCHA,122.859
030505,APURIMAC,COTABAMBAS,MARA,221.923
030217,APURIMAC,ANDAHUAYLAS,TUMAY HUARACA,453.423
030407,APURIMAC,AYMARAES,IHUAYLLO,72.783
030408,APURIMAC,AYMARAES,JUSTO APU SAHUARAURA,100.994
030708,APURIMAC,GRAU,PROGRESO,240.419
030714,APURIMAC,GRAU,CURASCO,136.403
030702,APURIMAC,GRAU,CURPAHUASI,310.153
030416,APURIMAC,AYMARAES,TORAYA,168.616
030704,APURIMAC,GRAU,HUAYLLATI,124.134
030102,APURIMAC,ABANCAY,CHACOCHE,176.85
030107,APURIMAC,ABANCAY,PICHIRHUA,373.769
030203,APURIMAC,ANDAHUAYLAS,CHIARA,146.73
030501,APURIMAC,COTABAMBAS,TAMBOBAMBA,714.098
030503,APURIMAC,COTABAMBAS,COYLLURQUI,418.982
030411,APURIMAC,AYMARAES,SAN JUAN DE CHACÑA,96.21
030106,APURIMAC,ABANCAY,LAMBRAMA,525.594
030703,APURIMAC,GRAU,GAMARRA,349.62
030103,APURIMAC,ABANCAY,CIRCA,634.251
030218,APURIMAC,ANDAHUAYLAS,TURPO,123.766
030205,APURIMAC,ANDAHUAYLAS,HUANCARAY,111.14
030212,APURIMAC,ANDAHUAYLAS,SAN ANTONIO DE CACHI,178.561
030502,APURIMAC,COTABAMBAS,COTABAMBAS,326.959
030607,APURIMAC,CHINCHEROS,URANMARCA,146.864
030207,APURIMAC,ANDAHUAYLAS,KISHUARA,309.046
030213,APURIMAC,ANDAHUAYLAS,SAN JERONIMO,248.614
030204,APURIMAC,ANDAHUAYLAS,HUANCARAMA,156.295
030201,APURIMAC,ANDAHUAYLAS,ANDAHUAYLAS,197.259
030209,APURIMAC,ANDAHUAYLAS,PACUCHA,170.665
030215,APURIMAC,ANDAHUAYLAS,SANTA MARIA DE CHICMO,156.092
030603,APURIMAC,CHINCHEROS,COCHARCAS,108.193
030109,APURIMAC,ABANCAY,TAMBURCO,54.569
030101,APURIMAC,ABANCAY,ABANCAY,286.551
080702,CUSCO,CHUMBIVILCAS,CAPACMARCA,267.803
080703,CUSCO,CHUMBIVILCAS,CHAMACA,674.067
081003,CUSCO,PARURO,CCAPI,325.522
081005,CUSCO,PARURO,HUANOQUITE,361.035
081006,CUSCO,PARURO,OMACHA,427.279
080704,CUSCO,CHUMBIVILCAS,COLQUEMARCA,452.194
080705,CUSCO,CHUMBIVILCAS,LIVITACA,746.638
080706,CUSCO,CHUMBIVILCAS,LLUSCO,314.992
080707,CUSCO,CHUMBIVILCAS,QUIÑOTA,226.042
080503,CUSCO,CANAS,KUNTURKANKI,393.761
080504,CUSCO,CANAS,LANGUI,171.122
080505,CUSCO,CANAS,LAYO,425.824
080508,CUSCO,CANAS,TUPAC AMARU,115.173
080602,CUSCO,CANCHIS,CHECACUPE,936.927
081201,CUSCO,QUISPICANCHI,URCOS,140.594
081202,CUSCO,QUISPICANCHI,ANDAHUAYLILLAS,85.669
080102,CUSCO,CUSCO,CCORCA,161.581
080106,CUSCO,CUSCO,SANTIAGO,59.031
080201,CUSCO,ACOMAYO,ACOMAYO,141.3
080202,CUSCO,ACOMAYO,ACOPIA,71.393
080204,CUSCO,ACOMAYO,MOSOC LLACTA,43.871
080205,CUSCO,ACOMAYO,POMACANCHI,267.277
080206,CUSCO,ACOMAYO,RONDOCAN,183.004
080207,CUSCO,ACOMAYO,SANGARARA,86.022
080203,CUSCO,ACOMAYO,ACOS,137.678
080701,CUSCO,CHUMBIVILCAS,SANTO TOMAS,1904.779
050609,AYACUCHO,LUCANAS,LEONCIO PRADO,1110.659
050803,AYACUCHO,PAUCAR DEL SARA SARA,CORCULLA,100.862
050810,AYACUCHO,PAUCAR DEL SARA SARA,SARA SARA,85.031
050801,AYACUCHO,PAUCAR DEL SARA SARA,PAUSA,251.426
050809,AYACUCHO,PAUCAR DEL SARA SARA,SAN JOSE DE USHUA,28.415
050807,AYACUCHO,PAUCAR DEL SARA SARA,PARARCA,56.662
050706,AYACUCHO,PARINACOCHAS,PUYUSCA,643.279
050806,AYACUCHO,PAUCAR DEL SARA SARA,OYOLO,793.713
050705,AYACUCHO,PARINACOCHAS,PULLO,1563.276
050804,AYACUCHO,PAUCAR DEL SARA SARA,LAMPA,281.007
050802,AYACUCHO,PAUCAR DEL SARA SARA,COLTA,248.108
050702,AYACUCHO,PARINACOCHAS,CHUMPI,372.212
050808,AYACUCHO,PAUCAR DEL SARA SARA,SAN JAVIER DE ALPABAMBA,117.501
050805,AYACUCHO,PAUCAR DEL SARA SARA,MARCABAMBA,120.358
050619,AYACUCHO,LUCANAS,SANCOS,1504.093
050701,AYACUCHO,PARINACOCHAS,CORACORA,1388.399
050707,AYACUCHO,PARINACOCHAS,SAN FRANCISCO DE RAVACAYCO,102.981
050605,AYACUCHO,LUCANAS,CHAVIÑA,366.939
050303,AYACUCHO,HUANCA SANCOS,SACSAMARCA,639.465
050909,AYACUCHO,SUCRE,SAN SALVADOR DE QUIJE,141.83
051005,AYACUCHO,VICTOR FAJARDO,CANARIA,265.212
050704,AYACUCHO,PARINACOCHAS,PACAPAUSA,147.042
050621,AYACUCHO,LUCANAS,SANTA LUCIA,1034.046
050708,AYACUCHO,PARINACOCHAS,UPAHUACHO,575.666
050614,AYACUCHO,LUCANAS,SAISA,575.655
050617,AYACUCHO,LUCANAS,SAN PEDRO,727.49
050615,AYACUCHO,LUCANAS,SAN CRISTOBAL,407.454
050703,AYACUCHO,PARINACOCHAS,CORONEL CASTAÑEDA,1081.616
050601,AYACUCHO,LUCANAS,PUQUIO,863.694
050616,AYACUCHO,LUCANAS,SAN JUAN,46.855
050611,AYACUCHO,LUCANAS,LUCANAS,1211.652
050613,AYACUCHO,LUCANAS,OTOCA,716.572
050612,AYACUCHO,LUCANAS,OCAÑA,859.086
050604,AYACUCHO,LUCANAS,CARMEN SALCEDO,464.117
050606,AYACUCHO,LUCANAS,CHIPAO,1156.175
050603,AYACUCHO,LUCANAS,CABANA,405.264
050608,AYACUCHO,LUCANAS,LARAMATE,779.968
050618,AYACUCHO,LUCANAS,SAN PEDRO DE PALCO,520.466
050610,AYACUCHO,LUCANAS,LLAUTA,493.547
050620,AYACUCHO,LUCANAS,SANTA ANA DE HUAYCAHUACHO,45.503
050908,AYACUCHO,SUCRE,SAN PEDRO DE LARCAY,314.273
050905,AYACUCHO,SUCRE,HUACAÑA,144.061
050602,AYACUCHO,LUCANAS,AUCARA,872.404
050911,AYACUCHO,SUCRE,SORAS,351.818
050607,AYACUCHO,LUCANAS,HUAC-HUAS,312.611
050906,AYACUCHO,SUCRE,MORCOLLA,288.942
050910,AYACUCHO,SUCRE,SANTIAGO DE PAUCARAY,61.546
051004,AYACUCHO,VICTOR FAJARDO,ASQUIPATA,71.362
051003,AYACUCHO,VICTOR FAJARDO,APONGO,175.82
050901,AYACUCHO,SUCRE,QUEROBAMBA,282.124
050907,AYACUCHO,SUCRE,PAICO,79.324
050904,AYACUCHO,SUCRE,CHILCAYOC,29.764
050301,AYACUCHO,HUANCA SANCOS,SANCOS,1357.052
051106,AYACUCHO,VILCAS HUAMAN,INDEPENDENCIA,88.109
050304,AYACUCHO,HUANCA SANCOS,SANTIAGO DE LUCANAMARCA,645.902
050903,AYACUCHO,SUCRE,CHALCOS,54.891
051010,AYACUCHO,VICTOR FAJARDO,HUAYA,156.701
051006,AYACUCHO,VICTOR FAJARDO,CAYARA,63.507
051102,AYACUCHO,VILCAS HUAMAN,ACCOMARCA,86.469
050902,AYACUCHO,SUCRE,BELEN,36.352
050302,AYACUCHO,HUANCA SANCOS,CARAPO,196.664
051105,AYACUCHO,VILCAS HUAMAN,HUAMBALPA,162.982
051008,AYACUCHO,VICTOR FAJARDO,HUAMANQUIQUIA,72.444
051001,AYACUCHO,VICTOR FAJARDO,HUANCAPI,239.371
051103,AYACUCHO,VILCAS HUAMAN,CARHUANCA,54.285
051009,AYACUCHO,VICTOR FAJARDO,HUANCARAYLLA,162.205
051007,AYACUCHO,VICTOR FAJARDO,COLCA,63.872
051107,AYACUCHO,VILCAS HUAMAN,SAURAMA,89.23
051101,AYACUCHO,VILCAS HUAMAN,VILCAS HUAMAN,220.297
051002,AYACUCHO,VICTOR FAJARDO,ALCAMENCA,116.022
051011,AYACUCHO,VICTOR FAJARDO,SARHUA,378.926
051012,AYACUCHO,VICTOR FAJARDO,VILCANCHOS,500.008
081007,CUSCO,PARURO,PACCARITAMBO,142.059
081008,CUSCO,PARURO,PILLPINTO,78.419
081009,CUSCO,PARURO,YAURISQUE,100.838
081001,CUSCO,PARURO,PARURO,152.677
081002,CUSCO,PARURO,ACCHA,238.717
081004,CUSCO,PARURO,COLCHA,139.818
080708,CUSCO,CHUMBIVILCAS,VELILLE,759.872
080802,CUSCO,ESPINAR,CONDOROMA,515.217
080501,CUSCO,CANAS,YANAOCA,291.112
080502,CUSCO,CANAS,CHECCA,504.069
080506,CUSCO,CANAS,PAMPAMARCA,31.173
080507,CUSCO,CANAS,QUEHUE,148.86
080601,CUSCO,CANCHIS,SICUANI,646.407
080603,CUSCO,CANCHIS,COMBAPATA,173.418
080604,CUSCO,CANCHIS,MARANGANI,438.745
080605,CUSCO,CANCHIS,PITUMARCA,1091.066
081206,CUSCO,QUISPICANCHI,CUSIPATA,242.518
081207,CUSCO,QUISPICANCHI,HUARO,108.445
081208,CUSCO,QUISPICANCHI,LUCRE,118.033
081212,CUSCO,QUISPICANCHI,QUIQUIJANA,364.184
080606,CUSCO,CANCHIS,SAN PABLO,522.959
080607,CUSCO,CANCHIS,SAN PEDRO,55.98
080608,CUSCO,CANCHIS,TINTA,82.595
080806,CUSCO,ESPINAR,PICHIGUA,273.929
080807,CUSCO,ESPINAR,SUYCKUTAMBO,627.786
080808,CUSCO,ESPINAR,ALTO PICHIGUA,359.526
080801,CUSCO,ESPINAR,ESPINAR,738.312
080803,CUSCO,ESPINAR,COPORAQUE,1543.04
080804,CUSCO,ESPINAR,OCORURO,359.239
080805,CUSCO,ESPINAR,PALLPATA,817.204
090612,HUANCAVELICA,HUAYTARA,SAN ISIDRO,168.752
090614,HUANCAVELICA,HUAYTARA,SANTIAGO DE QUIRAHUARA,175.493
090606,HUANCAVELICA,HUAYTARA,OCOYO,168.257
090603,HUANCAVELICA,HUAYTARA,CORDOVA,102.978
090608,HUANCAVELICA,HUAYTARA,QUERCO,685.695
090605,HUANCAVELICA,HUAYTARA,LARAMARCA,193.322
090613,HUANCAVELICA,HUAYTARA,SANTIAGO DE CHOCORVOS,1144.183
090611,HUANCAVELICA,HUAYTARA,SAN FRANCISCO DE SANGAYAICO,78.513
090615,HUANCAVELICA,HUAYTARA,SANTO DOMINGO DE CAPILLAS,255.829
090602,HUANCAVELICA,HUAYTARA,AYAVI,179.849
090604,HUANCAVELICA,HUAYTARA,HUAYACUNDO ARMA,37.745
110301,ICA,NASCA,NASCA,1144.287
110302,ICA,NASCA,CHANGUILLO,955.421
110303,ICA,NASCA,EL INGENIO,611.811
110304,ICA,NASCA,MARCONA,1945.394
110305,ICA,NASCA,VISTA ALEGRE,534.52
110401,ICA,PALPA,PALPA,131.429
110402,ICA,PALPA,LLIPATA,182.642
110403,ICA,PALPA,RIO GRANDE,313.904
110405,ICA,PALPA,TIBILLO,336.107
110501,ICA,PISCO,PISCO,24.688
110404,ICA,PALPA,SANTA CRUZ,253.903
110102,ICA,ICA,LA TINGUIÑA,81.674
110103,ICA,ICA,LOS AQUIJES,90.731
110104,ICA,ICA,OCUCAJE,1400.668
110105,ICA,ICA,PACHACUTEC,41.457
110106,ICA,ICA,PARCONA,17.242
110107,ICA,ICA,PUEBLO NUEVO,30.697
110108,ICA,ICA,SALAS,657.827
110109,ICA,ICA,SAN JOSE DE LOS MOLINOS,360.539
110110,ICA,ICA,SAN JUAN BAUTISTA,32.527
110111,ICA,ICA,SANTIAGO,2769.905
110112,ICA,ICA,SUBTANJALLA,186.127
110113,ICA,ICA,TATE,6.329
110114,ICA,ICA,YAUCA DEL ROSARIO,1262.411
110101,ICA,ICA,ICA,886.998
110503,ICA,PISCO,HUMAY,910.182
110504,ICA,PISCO,INDEPENDENCIA,268.727
110505,ICA,PISCO,PARACAS,1425.806
110506,ICA,PISCO,SAN ANDRES,232.513
110507,ICA,PISCO,SAN CLEMENTE,136.903
110508,ICA,PISCO,TUPAC AMARU INCA,55.662
230101,TACNA,TACNA,TACNA,1908.805
230103,TACNA,TACNA,CALANA,110.006
230301,TACNA,JORGE BASADRE,LOCUMBA,846.018
230302,TACNA,JORGE BASADRE,ILABAYA,1057.879
230303,TACNA,JORGE BASADRE,ITE,825.227
180101,MOQUEGUA,MARISCAL NIETO,MOQUEGUA,3944.307
180102,MOQUEGUA,MARISCAL NIETO,CARUMAS,2263.86
180103,MOQUEGUA,MARISCAL NIETO,CUCHUMBAYA,68.855
180104,MOQUEGUA,MARISCAL NIETO,SAMEGUA,64.595
180105,MOQUEGUA,MARISCAL NIETO,SAN CRISTOBAL,539.511
180106,MOQUEGUA,MARISCAL NIETO,TORATA,1768.95
180201,MOQUEGUA,GENERAL SANCHEZ CERRO,OMATE,255.338
180202,MOQUEGUA,GENERAL SANCHEZ CERRO,CHOJATA,858.35
180203,MOQUEGUA,GENERAL SANCHEZ CERRO,COALAQUE,244.6
180204,MOQUEGUA,GENERAL SANCHEZ CERRO,ICHUÑA,998.919
180205,MOQUEGUA,GENERAL SANCHEZ CERRO,LA CAPILLA,778.956
180206,MOQUEGUA,GENERAL SANCHEZ CERRO,LLOQUE,255.278
180207,MOQUEGUA,GENERAL SANCHEZ CERRO,MATALAQUE,562.349
180208,MOQUEGUA,GENERAL SANCHEZ CERRO,PUQUINA,593.815
180209,MOQUEGUA,GENERAL SANCHEZ CERRO,QUINISTAQUILLAS,194.602
180210,MOQUEGUA,GENERAL SANCHEZ CERRO,UBINAS,880.04
180211,MOQUEGUA,GENERAL SANCHEZ CERRO,YUNGA,110.737
180301,MOQUEGUA,ILO,ILO,292.982
180302,MOQUEGUA,ILO,EL ALGARROBAL,734.095
180303,MOQUEGUA,ILO,PACOCHA,332.14
230105,TACNA,TACNA,INCLAN,1434.356
230106,TACNA,TACNA,PACHIA,611.321
230107,TACNA,TACNA,PALCA,1452.974
230108,TACNA,TACNA,POCOLLAY,268.735
230109,TACNA,TACNA,SAMA,1134.701
230110,TACNA,TACNA,CORONEL GREGORIO ALBARRACIN LANCHIPA,187.314
230201,TACNA,CANDARAVE,CANDARAVE,1381.432
230202,TACNA,CANDARAVE,CAIRANI,176.381
230203,TACNA,CANDARAVE,CAMILACA,493.2
230204,TACNA,CANDARAVE,CURIBAYA,112.048
230205,TACNA,CANDARAVE,HUANUARA,90.856
230206,TACNA,CANDARAVE,QUILAHUANI,55.222
230401,TACNA,TARATA,TARATA,880.156
230402,TACNA,TARATA,HEROES ALBARRACIN,378.084
230403,TACNA,TARATA,ESTIQUE,295.106
230404,TACNA,TARATA,ESTIQUE-PAMPA,147.555
230405,TACNA,TARATA,SITAJARA,233.009
230406,TACNA,TARATA,SUSAPAYA,359.145
230407,TACNA,TARATA,TARUCACHI,106.724
230408,TACNA,TARATA,TICACO,355.419
230102,TACNA,TACNA,ALTO DE LA ALIANZA,374.037
230104,TACNA,TACNA,CIUDAD NUEVA,178.467
040514,AREQUIPA,CAYLLOMA,SAN ANTONIO DE CHUCA,1540.259
040701,AREQUIPA,ISLAY,MOLLENDO,932.185
040702,AREQUIPA,ISLAY,COCACHACRA,1549.841
040502,AREQUIPA,CAYLLOMA,ACHOMA,365.349
040105,AREQUIPA,AREQUIPA,CHARACATO,86.112
040106,AREQUIPA,AREQUIPA,CHIGUATA,230.253
040108,AREQUIPA,AREQUIPA,LA JOYA,695.538
210502,PUNO,EL COLLAO,CAPAZO,1041.286
210405,PUNO,CHUCUITO,PISACOMA,956.29
210404,PUNO,CHUCUITO,KELLUYO,491.995
210504,PUNO,EL COLLAO,SANTA ROSA,2694.171
210403,PUNO,CHUCUITO,HUACULLANI,627.178
210402,PUNO,CHUCUITO,DESAGUADERO,174.56
210505,PUNO,EL COLLAO,CONDURIRI,844.414
210407,PUNO,CHUCUITO,ZEPITA,522.859
211303,PUNO,YUNGUYO,COPANI,59.262
211304,PUNO,YUNGUYO,CUTURAPI,23.711
210406,PUNO,CHUCUITO,POMATA,400.941
211301,PUNO,YUNGUYO,YUNGUYO,174.721
211302,PUNO,YUNGUYO,ANAPIA,120.261
211307,PUNO,YUNGUYO,UNICACHI,8.013
210401,PUNO,CHUCUITO,JULI,772.292
211305,PUNO,YUNGUYO,OLLARAYA,27.128
211306,PUNO,YUNGUYO,TINICACHI,4.046
210111,PUNO,PUNO,PICHACANI,1637.527
210503,PUNO,EL COLLAO,PILCUYO,152.891
210113,PUNO,PUNO,SAN ANTONIO,336.867
210501,PUNO,EL COLLAO,ILAVE,890.167
210102,PUNO,PUNO,ACORA,1917.238
210112,PUNO,PUNO,PLATERIA,244.472
210106,PUNO,PUNO,CHUCUITO,115.261
210703,PUNO,LAMPA,CALAPUJA,137.913
210701,PUNO,LAMPA,LAMPA,660.655
210202,PUNO,AZANGARO,ACHAYA,126.409
210903,PUNO,MOHO,HUAYRAPATA,403.083
210607,PUNO,HUANCANE,TARACO,196.93
210210,PUNO,AZANGARO,SAMAN,203.506
210205,PUNO,AZANGARO,CAMINACA,117.808
210808,PUNO,MELGAR,SANTA ROSA,803.746
210101,PUNO,PUNO,PUNO,460.07
210114,PUNO,PUNO,TIQUILLACA,488.848
210109,PUNO,PUNO,MAÑAZO,410.022
210110,PUNO,PUNO,PAUCARCOLLA,173.667
210115,PUNO,PUNO,VILQUE,194.606
210104,PUNO,PUNO,ATUNCOLLA,130.521
210709,PUNO,LAMPA,SANTA LUCIA,1588.494
210103,PUNO,PUNO,AMANTANI,13.843
211102,PUNO,SAN ROMAN,CABANA,192.875
211103,PUNO,SAN ROMAN,CABANILLAS,1268.431
210108,PUNO,PUNO,HUATA,128.617
211104,PUNO,SAN ROMAN,CARACOTO,277.383
210107,PUNO,PUNO,COATA,99.567
210105,PUNO,PUNO,CAPACHICA,103.819
210904,PUNO,MOHO,TILALI,51.914
210702,PUNO,LAMPA,CABANILLA,384.752
211101,PUNO,SAN ROMAN,JULIACA,394.33
210902,PUNO,MOHO,CONIMA,67.365
210707,PUNO,LAMPA,PARATIA,747.317
210605,PUNO,HUANCANE,PUSI,197.575
210901,PUNO,MOHO,MOHO,504.604
210606,PUNO,HUANCANE,ROSASPATA,305.195
210601,PUNO,HUANCANE,HUANCANE,387.158
210704,PUNO,LAMPA,NICASIO,133.191
210706,PUNO,LAMPA,PALCA,494.82
210608,PUNO,HUANCANE,VILQUE CHICO,508.126
210710,PUNO,LAMPA,VILAVILA,161.059
210203,PUNO,AZANGARO,ARAPA,335.983
210206,PUNO,AZANGARO,CHUPA,151.931
210214,PUNO,AZANGARO,SANTIAGO DE PUPUJA,318.665
210708,PUNO,LAMPA,PUCARA,525.28
210705,PUNO,LAMPA,OCUVIRI,879.781
211003,PUNO,SAN ANTONIO DE PUTINA,PEDRO VILCA APAZA,142.694
210603,PUNO,HUANCANE,HUATASANI,106.149
210207,PUNO,AZANGARO,JOSE DOMINGO CHOQUEHUANCA,66.884
210604,PUNO,HUANCANE,INCHUPALLA,296.543
210213,PUNO,AZANGARO,SAN JUAN DE SALINAS,104.555
210602,PUNO,HUANCANE,COJATA,879.181
210804,PUNO,MELGAR,LLALLI,228.831
210215,PUNO,AZANGARO,TIRAPATA,200.582
211004,PUNO,SAN ANTONIO DE PUTINA,QUILCAPUNCU,523.792
210809,PUNO,MELGAR,UMACHIRI,331.637
210803,PUNO,MELGAR,CUPI,216.644
211001,PUNO,SAN ANTONIO DE PUTINA,PUTINA,1035.943
210801,PUNO,MELGAR,AYAVIRI,1016.907
210201,PUNO,AZANGARO,AZANGARO,719.923
210204,PUNO,AZANGARO,ASILLO,403.314
210805,PUNO,MELGAR,MACARI,691.399
210208,PUNO,AZANGARO,MUÑANI,783.658
210807,PUNO,MELGAR,ORURILLO,397.252
211002,PUNO,SAN ANTONIO DE PUTINA,ANANEA,964.686
210211,PUNO,AZANGARO,SAN ANTON,515.295
210212,PUNO,AZANGARO,SAN JOSE,397.024
211202,PUNO,SANDIA,CUYOCUYO,511.659
210209,PUNO,AZANGARO,POTONI,621.568
211204,PUNO,SANDIA,PATAMBUCO,471.634
210806,PUNO,MELGAR,NUÑOA,2200.799
211005,PUNO,SAN ANTONIO DE PUTINA,SINA,466.895
211201,PUNO,SANDIA,SANDIA,700.82
210802,PUNO,MELGAR,ANTAUTA,654.884
211206,PUNO,SANDIA,QUIACA,413.053
210306,PUNO,CARABAYA,CRUCERO,854.716
211208,PUNO,SANDIA,YANAHUAYA,646.228
211207,PUNO,SANDIA,SAN JUAN DEL ORO,201.704
211205,PUNO,SANDIA,PHARA,432.38
210302,PUNO,CARABAYA,AJOYANI,425.994
210301,PUNO,CARABAYA,MACUSANI,1016.397
211209,PUNO,SANDIA,ALTO INAMBARI,1360.49
210310,PUNO,CARABAYA,USICAYOS,656.19
210305,PUNO,CARABAYA,CORANI,886.432
210307,PUNO,CARABAYA,ITUATA,1257.777
210308,PUNO,CARABAYA,OLLACHEA,709.861
040515,AREQUIPA,CAYLLOMA,SIBAYO,283.649
040516,AREQUIPA,CAYLLOMA,TAPAY,413.705
040517,AREQUIPA,CAYLLOMA,TISCO,1440.791
040518,AREQUIPA,CAYLLOMA,TUTI,239.391
040519,AREQUIPA,CAYLLOMA,YANQUE,1111.858
040520,AREQUIPA,CAYLLOMA,MAJES,1646.346
040601,AREQUIPA,CONDESUYOS,CHUQUIBAMBA,1185.738
040602,AREQUIPA,CONDESUYOS,ANDARAY,810.74
040603,AREQUIPA,CONDESUYOS,CAYARANI,1392.94
040604,AREQUIPA,CONDESUYOS,CHICHAS,390.773
040605,AREQUIPA,CONDESUYOS,IRAY,237.61
040606,AREQUIPA,CONDESUYOS,RIO GRANDE,532.932
040607,AREQUIPA,CONDESUYOS,SALAMANCA,1240.768
040608,AREQUIPA,CONDESUYOS,YANAQUIHUA,1055.836
040703,AREQUIPA,ISLAY,DEAN VALDIVIA,134.357
040311,AREQUIPA,CARAVELI,LOMAS,446.698
040312,AREQUIPA,CARAVELI,QUICACHA,1036.309
040313,AREQUIPA,CARAVELI,YAUCA,543.322
040401,AREQUIPA,CASTILLA,APLAO,618.624
040402,AREQUIPA,CASTILLA,ANDAGUA,471.673
040403,AREQUIPA,CASTILLA,AYO,285.283
040404,AREQUIPA,CASTILLA,CHACHAS,1195.715
040405,AREQUIPA,CASTILLA,CHILCAYMARCA,182.335
040406,AREQUIPA,CASTILLA,CHOCO,902.952
040407,AREQUIPA,CASTILLA,HUANCARQUI,797.142
040408,AREQUIPA,CASTILLA,MACHAGUAY,246.985
040409,AREQUIPA,CASTILLA,ORCOPAMPA,728.626
040410,AREQUIPA,CASTILLA,PAMPACOLCA,265.836
040411,AREQUIPA,CASTILLA,TIPAN,55.482
040412,AREQUIPA,CASTILLA,UÑON,340.251
040413,AREQUIPA,CASTILLA,URACA,693.196
040414,AREQUIPA,CASTILLA,VIRACO,137.092
040501,AREQUIPA,CAYLLOMA,CHIVAY,242.486
040503,AREQUIPA,CAYLLOMA,CABANACONDE,461.46
040505,AREQUIPA,CAYLLOMA,CAYLLOMA,1505.117
040506,AREQUIPA,CAYLLOMA,COPORAQUE,114.027
040507,AREQUIPA,CAYLLOMA,HUAMBO,715.3
040508,AREQUIPA,CAYLLOMA,HUANCA,371.904
040509,AREQUIPA,CAYLLOMA,ICHUPAMPA,74.375
040510,AREQUIPA,CAYLLOMA,LARI,389.026
040511,AREQUIPA,CAYLLOMA,LLUTA,1226.638
040512,AREQUIPA,CAYLLOMA,MACA,236.762
040513,AREQUIPA,CAYLLOMA,MADRIGAL,159.23
040705,AREQUIPA,ISLAY,MEJIA,102.847
040706,AREQUIPA,ISLAY,PUNTA DE BOMBON,756.467
040801,AREQUIPA,LA UNION,COTAHUASI,166.702
040802,AREQUIPA,LA UNION,ALCA,191.453
040803,AREQUIPA,LA UNION,CHARCANA,162.235
040804,AREQUIPA,LA UNION,HUAYNACOTAS,935.181
040805,AREQUIPA,LA UNION,PAMPAMARCA,787.612
040806,AREQUIPA,LA UNION,PUYCA,1503.408
040807,AREQUIPA,LA UNION,QUECHUALLA,135.33
040808,AREQUIPA,LA UNION,SAYLA,70.579
040809,AREQUIPA,LA UNION,TAURIA,317.792
040810,AREQUIPA,LA UNION,TOMEPAMPA,96.501
040811,AREQUIPA,LA UNION,TORO,525.968
040504,AREQUIPA,CAYLLOMA,CALLALLI,1538.61
040115,AREQUIPA,AREQUIPA,QUEQUEÑA,34.865
040119,AREQUIPA,AREQUIPA,SAN JUAN DE TARUCANI,2382.967
040120,AREQUIPA,AREQUIPA,SANTA ISABEL DE SIGUAS,183.031
040121,AREQUIPA,AREQUIPA,SANTA RITA DE SIGUAS,425.151
040122,AREQUIPA,AREQUIPA,SOCABAYA,25.527
040123,AREQUIPA,AREQUIPA,TIABAYA,37.22
040124,AREQUIPA,AREQUIPA,UCHUMAYO,270.494
040125,AREQUIPA,AREQUIPA,VITOR,1531.738
040127,AREQUIPA,AREQUIPA,YARABAMBA,485.607
040128,AREQUIPA,AREQUIPA,YURA,1918.432
040201,AREQUIPA,CAMANA,CAMANA,11.129
040202,AREQUIPA,CAMANA,JOSE MARIA QUIMPER,16.221
040203,AREQUIPA,CAMANA,MARIANO NICOLAS VALCARCEL,555.012
040204,AREQUIPA,CAMANA,MARISCAL CACERES,593.144
040205,AREQUIPA,CAMANA,NICOLAS DE PIEROLA,390.506
040206,AREQUIPA,CAMANA,OCOÑA,1421.043
040207,AREQUIPA,CAMANA,QUILCA,896.098
040208,AREQUIPA,CAMANA,SAMUEL PASTOR,113.041
040301,AREQUIPA,CARAVELI,CARAVELI,754.096
040303,AREQUIPA,CARAVELI,ATICO,3093.978
040304,AREQUIPA,CARAVELI,ATIQUIPA,423.344
040306,AREQUIPA,CARAVELI,CAHUACHO,1384.82
040307,AREQUIPA,CARAVELI,CHALA,341.018
040308,AREQUIPA,CARAVELI,CHAPARRA,1502.238
040309,AREQUIPA,CARAVELI,HUANUHUANU,705.566
040310,AREQUIPA,CARAVELI,JAQUI,423.054
040114,AREQUIPA,AREQUIPA,POLOBAYA,397.956
040103,AREQUIPA,AREQUIPA,CAYMA,232.858
040104,AREQUIPA,AREQUIPA,CERRO COLORADO,174.936
040111,AREQUIPA,AREQUIPA,MOLLEBAYA,31.244
040113,AREQUIPA,AREQUIPA,POCSI,169.671
040116,AREQUIPA,AREQUIPA,SABANDIA,35.833
040118,AREQUIPA,AREQUIPA,SAN JUAN DE SIGUAS,35.737
040302,AREQUIPA,CARAVELI,ACARI,1157.534
040305,AREQUIPA,CARAVELI,BELLA UNION,1194.897
080108,CUSCO,CUSCO,WANCHAQ,5.901
040101,AREQUIPA,AREQUIPA,AREQUIPA,11.414
040102,AREQUIPA,AREQUIPA,ALTO SELVA ALEGRE,67.624
040129,AREQUIPA,AREQUIPA,JOSE LUIS BUSTAMANTE Y RIVERO,11.161
040110,AREQUIPA,AREQUIPA,MIRAFLORES,26.129
040112,AREQUIPA,AREQUIPA,PAUCARPATA,28.386
040117,AREQUIPA,AREQUIPA,SACHACA,14.276
040107,AREQUIPA,AREQUIPA,JACOBO HUNTER,20.517
040109,AREQUIPA,AREQUIPA,MARIANO MELGAR,28.956
040126,AREQUIPA,AREQUIPA,YANAHUARA,3.667
040704,AREQUIPA,ISLAY,ISLAY,364.131
050510,AYACUCHO,LA MAR,ANCHIHUAY,266.953
050410,AYACUCHO,HUANTA,UCHURACCAY,255.594
080911,CUSCO,LA CONVENCION,INKAWASI,771.404
050411,AYACUCHO,HUANTA,PUCACOLPA,716.466
080912,CUSCO,LA CONVENCION,VILLA VIRGEN,439.02
090720,HUANCAVELICA,TAYACAJA,ANDAYMARCA,150.671
030108,APURIMAC,ABANCAY,SAN PEDRO DE CACHORA,117.934
030601,APURIMAC,CHINCHEROS,CHINCHEROS,135.474
030104,APURIMAC,ABANCAY,CURAHUASI,859.714
030605,APURIMAC,CHINCHEROS,OCOBAMBA,216.929
030105,APURIMAC,ABANCAY,HUANIPACA,427.107
030216,APURIMAC,ANDAHUAYLAS,TALAVERA,158.019
030208,APURIMAC,ANDAHUAYLAS,PACOBAMBA,259.372
030602,APURIMAC,CHINCHEROS,ANCO_HUALLO,91.012
030202,APURIMAC,ANDAHUAYLAS,ANDARAPA,185.639
030608,APURIMAC,CHINCHEROS,RANRACANCHA,100.006
030219,APURIMAC,ANDAHUAYLAS,KAQUIABAMBA,112.09
030606,APURIMAC,CHINCHEROS,ONGOY,114.69
030604,APURIMAC,CHINCHEROS,HUACCANA,335.413
050112,AYACUCHO,HUAMANGA,SOCOS,169.802
050102,AYACUCHO,HUAMANGA,ACOCRO,430.184
050113,AYACUCHO,HUAMANGA,TAMBILLO,150.969
050111,AYACUCHO,HUAMANGA,SANTIAGO DE PISCHA,89.753
080305,CUSCO,ANTA,HUAROCONDO,220.304
080301,CUSCO,ANTA,ANTA,187.478
080306,CUSCO,ANTA,LIMATAMBO,505.961
080307,CUSCO,ANTA,MOLLEPATA,369.21
080308,CUSCO,ANTA,PUCYURA,33.967
080309,CUSCO,ANTA,ZURITE,60.897
081102,CUSCO,PAUCARTAMBO,CAICAY,106.823
081105,CUSCO,PAUCARTAMBO,HUANCARANI,145.544
080401,CUSCO,CALCA,CALCA,312.436
080403,CUSCO,CALCA,LAMAY,95.49
081303,CUSCO,URUBAMBA,HUAYLLABAMBA,76.783
081305,CUSCO,URUBAMBA,MARAS,141.138
081302,CUSCO,URUBAMBA,CHINCHERO,102.399
080103,CUSCO,CUSCO,POROY,13.357
080104,CUSCO,CUSCO,SAN JERONIMO,95.624
080107,CUSCO,CUSCO,SAYLLA,24.14
081103,CUSCO,PAUCARTAMBO,CHALLABAMBA,714.102
080910,CUSCO,LA CONVENCION,PICHARI,813.175
080901,CUSCO,LA CONVENCION,SANTA ANA,391.527
080914,CUSCO,LA CONVENCION,MEGANTONI,10707.678
080903,CUSCO,LA CONVENCION,HUAYOPATA,530.034
080404,CUSCO,CALCA,LARES,731.859
080904,CUSCO,LA CONVENCION,MARANURA,164.612
080905,CUSCO,LA CONVENCION,OCOBAMBA,862.462
080906,CUSCO,LA CONVENCION,QUELLOUNO,1964.626
080408,CUSCO,CALCA,YANATILE,1992.616
080907,CUSCO,LA CONVENCION,KIMBIRI,786.466
080908,CUSCO,LA CONVENCION,SANTA TERESA,1329.381
080909,CUSCO,LA CONVENCION,VILCABAMBA,2329.337
081304,CUSCO,URUBAMBA,MACHUPICCHU,361.145
081306,CUSCO,URUBAMBA,OLLANTAYTAMBO,579.18
081307,CUSCO,URUBAMBA,YUCAY,23.774
081106,CUSCO,PAUCARTAMBO,KOSÑIPATA,3266.613
081301,CUSCO,URUBAMBA,URUBAMBA,160.952
080302,CUSCO,ANTA,ANCAHUASI,124.08
080303,CUSCO,ANTA,CACHIMAYO,43.622
080304,CUSCO,ANTA,CHINCHAYPUJIO,395.872
051104,AYACUCHO,VILCAS HUAMAN,CONCEPCION,211.822
050201,AYACUCHO,CANGALLO,CANGALLO,184.291
050204,AYACUCHO,CANGALLO,MARIA PARADO DE BELLIDO,131.77
050203,AYACUCHO,CANGALLO,LOS MOROCHUCOS,249.49
051108,AYACUCHO,VILCAS HUAMAN,VISCHONGO,264.883
050202,AYACUCHO,CANGALLO,CHUSCHI,411.917
050205,AYACUCHO,CANGALLO,PARAS,777.605
050206,AYACUCHO,CANGALLO,TOTOS,115.27
050106,AYACUCHO,HUAMANGA,OCROS,300.857
050105,AYACUCHO,HUAMANGA,CHIARA,454.804
050114,AYACUCHO,HUAMANGA,VINCHOS,914.886
050511,AYACUCHO,LA MAR,ORONCCOY,553.737
050110,AYACUCHO,HUAMANGA,SAN JUAN BAUTISTA,15.617
050504,AYACUCHO,LA MAR,CHILCAS,154.249
050101,AYACUCHO,HUAMANGA,AYACUCHO,81.323
050115,AYACUCHO,HUAMANGA,JESUS NAZARENO,16.118
050109,AYACUCHO,HUAMANGA,SAN JOSE DE TICLLAS,80.969
050103,AYACUCHO,HUAMANGA,ACOS VINCHOS,154.498
050108,AYACUCHO,HUAMANGA,QUINUA,114.865
050107,AYACUCHO,HUAMANGA,PACAYCASA,53.952
050502,AYACUCHO,LA MAR,ANCO,787.736
050403,AYACUCHO,HUANTA,HUAMANGUILLA,93.871
050501,AYACUCHO,LA MAR,SAN MIGUEL,451.081
050404,AYACUCHO,HUANTA,IGUAIN,60.521
050508,AYACUCHO,LA MAR,TAMBO,309.171
050401,AYACUCHO,HUANTA,HUANTA,164.722
050405,AYACUCHO,HUANTA,LURICOCHA,141.896
050406,AYACUCHO,HUANTA,SANTILLANA,286.111
050507,AYACUCHO,LA MAR,SANTA ROSA,389.2
050503,AYACUCHO,LA MAR,AYNA,285.306
050402,AYACUCHO,HUANTA,AYAHUANCO,370.367
050407,AYACUCHO,HUANTA,SIVIA,896.722
050408,AYACUCHO,HUANTA,LLOCHEGUA,515.959
050409,AYACUCHO,HUANTA,CANAYRE,269.179
050509,AYACUCHO,LA MAR,SAMUGARI,379.902
050506,AYACUCHO,LA MAR,LUIS CARRANZA,133.822
050104,AYACUCHO,HUAMANGA,CARMEN ALTO,16.952
081101,CUSCO,PAUCARTAMBO,PAUCARTAMBO,1091.14
081104,CUSCO,PAUCARTAMBO,COLQUEPATA,459.461
080402,CUSCO,CALCA,COYA,70.24
080405,CUSCO,CALCA,PISAC,147.707
080406,CUSCO,CALCA,SAN SALVADOR,128.046
080407,CUSCO,CALCA,TARAY,54.86
081209,CUSCO,QUISPICANCHI,MARCAPATA,1300.205
081210,CUSCO,QUISPICANCHI,OCONGATE,947.815
081211,CUSCO,QUISPICANCHI,OROPESA,78.306
081204,CUSCO,QUISPICANCHI,CCARHUAYO,303.327
081205,CUSCO,QUISPICANCHI,CCATCA,296.759
080101,CUSCO,CUSCO,CUSCO,101.419
081203,CUSCO,QUISPICANCHI,CAMANTI,3361.399
090718,HUANCAVELICA,TAYACAJA,TINTAY PUNCU,255.722
090717,HUANCAVELICA,TAYACAJA,SURCUBAMBA,282.633
090707,HUANCAVELICA,TAYACAJA,HUACHOCOLPA,265.783
090702,HUANCAVELICA,TAYACAJA,ACOSTAMBO,164.323
090616,HUANCAVELICA,HUAYTARA,TAMBO,227.623
090601,HUANCAVELICA,HUAYTARA,HUAYTARA,393.754
090609,HUANCAVELICA,HUAYTARA,QUITO-ARMA,239.223
090610,HUANCAVELICA,HUAYTARA,SAN ANTONIO DE CUSICANCHA,238.873
090413,HUANCAVELICA,CASTROVIRREYNA,TICRAPO,182.577
090404,HUANCAVELICA,CASTROVIRREYNA,CAPILLAS,400.231
090406,HUANCAVELICA,CASTROVIRREYNA,COCAS,80.963
090607,HUANCAVELICA,HUAYTARA,PILPICHACA,2179.516
090410,HUANCAVELICA,CASTROVIRREYNA,SAN JUAN,195.668
090401,HUANCAVELICA,CASTROVIRREYNA,CASTROVIRREYNA,922.725
090409,HUANCAVELICA,CASTROVIRREYNA,MOLLEPAMPA,170.63
090407,HUANCAVELICA,CASTROVIRREYNA,HUACHOS,175.389
090311,HUANCAVELICA,ANGARAES,SANTO TOMAS DE PATA,139.197
090402,HUANCAVELICA,CASTROVIRREYNA,ARMA,300.567
090412,HUANCAVELICA,CASTROVIRREYNA,TANTARA,111.231
090408,HUANCAVELICA,CASTROVIRREYNA,HUAMATAMBO,59.384
090310,HUANCAVELICA,ANGARAES,SAN ANTONIO DE ANTAPARCO,33.854
090403,HUANCAVELICA,CASTROVIRREYNA,AURAHUA,347.214
090312,HUANCAVELICA,ANGARAES,SECCLLA,162.767
090411,HUANCAVELICA,CASTROVIRREYNA,SANTA ANA,643.529
090301,HUANCAVELICA,ANGARAES,LIRCAY,825.914
090309,HUANCAVELICA,ANGARAES,JULCAMARCA,51.256
090106,HUANCAVELICA,HUANCAVELICA,HUACHOCOLPA,337.582
090405,HUANCAVELICA,CASTROVIRREYNA,CHUPAMARCA,366.016
090306,HUANCAVELICA,ANGARAES,CONGALLA,209.238
090304,HUANCAVELICA,ANGARAES,CCOCHACCASA,107.381
090302,HUANCAVELICA,ANGARAES,ANCHONGA,75.393
090204,HUANCAVELICA,ACOBAMBA,CAJA,86.936
090307,HUANCAVELICA,ANGARAES,HUANCA-HUANCA,107.303
090305,HUANCAVELICA,ANGARAES,CHINCHO,172.729
090308,HUANCAVELICA,ANGARAES,HUAYLLAY GRANDE,31.834
090207,HUANCAVELICA,ACOBAMBA,POMACOCHA,55.215
090303,HUANCAVELICA,ANGARAES,CALLANMARCA,24.691
090201,HUANCAVELICA,ACOBAMBA,ACOBAMBA,123.409
090205,HUANCAVELICA,ACOBAMBA,MARCAS,171.788
090101,HUANCAVELICA,HUANCAVELICA,HUANCAVELICA,510.635
090203,HUANCAVELICA,ACOBAMBA,ANTA,91.86
090117,HUANCAVELICA,HUANCAVELICA,YAULI,320.572
090118,HUANCAVELICA,HUANCAVELICA,ASCENSION,408.938
090206,HUANCAVELICA,ACOBAMBA,PAUCARA,220.252
090208,HUANCAVELICA,ACOBAMBA,ROSARIO,95.705
090202,HUANCAVELICA,ACOBAMBA,ANDABAMBA,81.893
090103,HUANCAVELICA,HUANCAVELICA,ACORIA,543.583
090114,HUANCAVELICA,HUANCAVELICA,PALCA,80.876
090102,HUANCAVELICA,HUANCAVELICA,ACOBAMBILLA,736.862
090110,HUANCAVELICA,HUANCAVELICA,MANTA,158.583
090119,HUANCAVELICA,HUANCAVELICA,HUANDO,195.479
090113,HUANCAVELICA,HUANCAVELICA,NUEVO OCCORO,246.027
090109,HUANCAVELICA,HUANCAVELICA,LARIA,64.375
090108,HUANCAVELICA,HUANCAVELICA,IZCUCHACA,12.349
090104,HUANCAVELICA,HUANCAVELICA,CONAYCA,41.435
090116,HUANCAVELICA,HUANCAVELICA,VILCA,308.61
090112,HUANCAVELICA,HUANCAVELICA,MOYA,94.54
090107,HUANCAVELICA,HUANCAVELICA,HUAYLLAHUARA,36.427
090105,HUANCAVELICA,HUANCAVELICA,CUENCA,55.06
090703,HUANCAVELICA,TAYACAJA,ACRAQUIA,108.478
090115,HUANCAVELICA,HUANCAVELICA,PILCHACA,39.704
090706,HUANCAVELICA,TAYACAJA,DANIEL HERNANDEZ,104.955
090701,HUANCAVELICA,TAYACAJA,PAMPAS,74.599
090704,HUANCAVELICA,TAYACAJA,AHUAYCHA,99.49
090710,HUANCAVELICA,TAYACAJA,ÑAHUIMPUQUIO,66.366
090709,HUANCAVELICA,TAYACAJA,HUARIBAMBA,149.49
090711,HUANCAVELICA,TAYACAJA,PAZOS,226.332
090713,HUANCAVELICA,TAYACAJA,QUISHUAR,32.638
090714,HUANCAVELICA,TAYACAJA,SALCABAMBA,190.149
090716,HUANCAVELICA,TAYACAJA,SAN MARCOS DE ROCCHAC,287.754
090715,HUANCAVELICA,TAYACAJA,SALCAHUASI,117.048
090504,HUANCAVELICA,CHURCAMPA,EL CARMEN,76.856
090501,HUANCAVELICA,CHURCAMPA,CHURCAMPA,135.076
090511,HUANCAVELICA,CHURCAMPA,COSME,106.424
090719,HUANCAVELICA,TAYACAJA,QUICHUAS,118.49
090505,HUANCAVELICA,CHURCAMPA,LA MERCED,72.807
090507,HUANCAVELICA,CHURCAMPA,PAUCARBAMBA,97.46
090508,HUANCAVELICA,CHURCAMPA,SAN MIGUEL DE MAYOCC,29.313
090509,HUANCAVELICA,CHURCAMPA,SAN PEDRO DE CORIS,128.531
090510,HUANCAVELICA,CHURCAMPA,PACHAMARCA,155.829
090506,HUANCAVELICA,CHURCAMPA,LOCROJA,92.275
090503,HUANCAVELICA,CHURCAMPA,CHINCHIHUASI,161.698
090502,HUANCAVELICA,CHURCAMPA,ANCO,149.272
090705,HUANCAVELICA,TAYACAJA,COLCABAMBA,324.708
110502,ICA,PISCO,HUANCANO,898.921
110202,ICA,CHINCHA,ALTO LARAN,364.804
110203,ICA,CHINCHA,CHAVIN,426.538
110204,ICA,CHINCHA,CHINCHA BAJA,73.109
110205,ICA,CHINCHA,EL CARMEN,755.362
110206,ICA,CHINCHA,GROCIO PRADO,178.044
110208,ICA,CHINCHA,SAN JUAN DE YANAC,441.596
110209,ICA,CHINCHA,SAN PEDRO DE HUACARPANA,206.591
110211,ICA,CHINCHA,TAMBO DE MORA,12.628
120133,JUNIN,HUANCAYO,SAPALLANGA,123.571
120903,JUNIN,CHUPACA,CHONGOS BAJO,96.371
120126,JUNIN,HUANCAYO,PUCARA,111.329
120119,JUNIN,HUANCAYO,HUANCAN,12.271
120204,JUNIN,CONCEPCION,CHAMBARA,109.214
120101,JUNIN,HUANCAYO,HUANCAYO,226.857
120211,JUNIN,CONCEPCION,MITO,25.224
120201,JUNIN,CONCEPCION,CONCEPCION,18.244
120130,JUNIN,HUANCAYO,SAN JERONIMO DE TUNAN,21.033
120122,JUNIN,HUANCAYO,INGENIO,54.128
120124,JUNIN,HUANCAYO,PARIAHUANCA,580.809
120212,JUNIN,CONCEPCION,NUEVE DE JULIO,6.853
120431,JUNIN,JAUJA,SINCOS,231.156
120134,JUNIN,HUANCAYO,SICAYA,42.018
120208,JUNIN,CONCEPCION,MANZANARES,17.392
120129,JUNIN,HUANCAYO,SAN AGUSTIN,26.222
120132,JUNIN,HUANCAYO,SAÑO,12.995
120117,JUNIN,HUANCAYO,HUALHUAS,13.629
120213,JUNIN,CONCEPCION,ORCOTUNA,45.093
120202,JUNIN,CONCEPCION,ACO,38.929
120128,JUNIN,HUANCAYO,QUILCAS,159.66
120105,JUNIN,HUANCAYO,CHACAPAMPA,125.383
120104,JUNIN,HUANCAYO,CARHUACALLANGA,13.101
120120,JUNIN,HUANCAYO,HUASICANCHA,52.039
120108,JUNIN,HUANCAYO,CHONGOS ALTO,702.407
120106,JUNIN,HUANCAYO,CHICCHE,41.481
120112,JUNIN,HUANCAYO,COLCA,110.895
120113,JUNIN,HUANCAYO,CULLHUAS,110.911
120116,JUNIN,HUANCAYO,HUACRAPUQUIO,24.347
120111,JUNIN,HUANCAYO,CHUPURO,41.601
120136,JUNIN,HUANCAYO,VIQUES,6.103
120121,JUNIN,HUANCAYO,HUAYUCACHI,14.051
120909,JUNIN,CHUPACA,YANACANCHA,757.547
120906,JUNIN,CHUPACA,SAN JUAN DE ISCOS,26.306
120902,JUNIN,CHUPACA,AHUAC,72.089
120907,JUNIN,CHUPACA,SAN JUAN DE JARPA,136.074
120107,JUNIN,HUANCAYO,CHILCA,26.845
120214,JUNIN,CONCEPCION,SAN JOSE DE QUERO,308.195
120905,JUNIN,CHUPACA,HUAMANCACA CHICO,11.024
120901,JUNIN,CHUPACA,CHUPACA,20.484
120904,JUNIN,CHUPACA,HUACHAC,23.925
120413,JUNIN,JAUJA,LEONOR ORDOÑEZ,21.119
120210,JUNIN,CONCEPCION,MATAHUASI,23.622
120215,JUNIN,CONCEPCION,SANTA ROSA DE OCOPA,16.134
120423,JUNIN,JAUJA,PACCHA,89.174
120127,JUNIN,HUANCAYO,QUICHUAY,30.471
120403,JUNIN,JAUJA,APATA,419.892
120420,JUNIN,JAUJA,MUQUI,11.95
120207,JUNIN,CONCEPCION,HEROINAS TOLEDO,25.114
120421,JUNIN,JAUJA,MUQUIYAUYO,20.777
120409,JUNIN,JAUJA,HUARIPAMPA,14.337
120428,JUNIN,JAUJA,SAN LORENZO,24.333
120407,JUNIN,JAUJA,EL MANTARO,17.895
120408,JUNIN,JAUJA,HUAMALI,19.672
120425,JUNIN,JAUJA,PARCO,33.984
120404,JUNIN,JAUJA,ATAURA,5.626
120434,JUNIN,JAUJA,YAUYOS,19.606
120414,JUNIN,JAUJA,LLOCLLAPAMPA,109.257
120410,JUNIN,JAUJA,HUERTAS,12.05
120135,JUNIN,HUANCAYO,SANTO DOMINGO DE ACOBAMBA,877.037
120401,JUNIN,JAUJA,JAUJA,9.482
120809,JUNIN,YAULI,SUITUCANCHA,215.451
120416,JUNIN,JAUJA,MASMA,14.511
120405,JUNIN,JAUJA,CANCHAYLLO,946.788
120424,JUNIN,JAUJA,PANCAN,11.393
120411,JUNIN,JAUJA,JANJAILLO,32.517
120417,JUNIN,JAUJA,MASMA CHICCHE,33.765
120412,JUNIN,JAUJA,JULCAN,19.113
120415,JUNIN,JAUJA,MARCO,28.731
120406,JUNIN,JAUJA,CURICACA,65.547
120802,JUNIN,YAULI,CHACAPALPA,186.132
120418,JUNIN,JAUJA,MOLINOS,314.238
120203,JUNIN,CONCEPCION,ANDAMARCA,505.907
120402,JUNIN,JAUJA,ACOLLA,120.155
120206,JUNIN,CONCEPCION,COMAS,949.126
120426,JUNIN,JAUJA,POMACANCHA,281.513
120422,JUNIN,JAUJA,PACA,34.02
120205,JUNIN,CONCEPCION,COCHAS,108.44
120433,JUNIN,JAUJA,YAULI,93.141
120432,JUNIN,JAUJA,TUNAN MARCA,32.699
120803,JUNIN,YAULI,HUAY-HUAY,193.151
120810,JUNIN,YAULI,YAULI,410.784
120209,JUNIN,CONCEPCION,MARISCAL CASTILLA,56.271
120808,JUNIN,YAULI,SANTA ROSA DE SACCO,100.341
120427,JUNIN,JAUJA,RICRAN,320.069
120801,JUNIN,YAULI,LA OROYA,380.114
120703,JUNIN,TARMA,HUARICOLCA,164.758
120701,JUNIN,TARMA,TARMA,445.607
120603,JUNIN,SATIPO,LLAYLLA,308.413
120605,JUNIN,SATIPO,PAMPA HERMOSA,950.755
120709,JUNIN,TARMA,TAPO,215.103
120806,JUNIN,YAULI,PACCHA,322.877
120705,JUNIN,TARMA,LA UNION,151.537
120702,JUNIN,TARMA,ACOBAMBA,107.252
120419,JUNIN,JAUJA,MONOBAMBA,935.503
120606,JUNIN,SATIPO,SAN MARTIN DE PANGOA,4416.403
120706,JUNIN,TARMA,PALCA,270.582
120602,JUNIN,SATIPO,COVIRIALI,97.615
120804,JUNIN,YAULI,MARCAPOMACOCHA,883.621
120601,JUNIN,SATIPO,SATIPO,815.689
120707,JUNIN,TARMA,PALCAMAYO,167.879
120607,JUNIN,SATIPO,RIO NEGRO,488.506
120306,JUNIN,CHANCHAMAYO,VITOC,393.266
120708,JUNIN,TARMA,SAN PEDRO DE CAJAS,512.303
120305,JUNIN,CHANCHAMAYO,SAN RAMON,621.726
120807,JUNIN,YAULI,SANTA BARBARA DE CARHUACAYAN,680.492
120501,JUNIN,JUNIN,JUNIN,870.005
120503,JUNIN,JUNIN,ONDORES,289.576
120430,JUNIN,JAUJA,SAUSA,4.693
120429,JUNIN,JAUJA,SAN PEDRO DE CHUNAN,8.715
170102,MADRE DE DIOS,TAMBOPATA,INAMBARI,4849.086
170204,MADRE DE DIOS,MANU,HUEPETUHE,1523.234
170201,MADRE DE DIOS,MANU,MANU,8694.025
170104,MADRE DE DIOS,TAMBOPATA,LABERINTO,2677.57
170203,MADRE DE DIOS,MANU,MADRE DE DIOS,7845.733
170101,MADRE DE DIOS,TAMBOPATA,TAMBOPATA,20714.417
170103,MADRE DE DIOS,TAMBOPATA,LAS PIEDRAS,7741.471
170202,MADRE DE DIOS,MANU,FITZCARRALD,10656.701
170303,MADRE DE DIOS,TAHUAMANU,TAHUAMANU,3512.457
170302,MADRE DE DIOS,TAHUAMANU,IBERIA,2584.403
210304,PUNO,CARABAYA,COASA,3119.123
211203,PUNO,SANDIA,LIMBANI,2392.126
211210,PUNO,SANDIA,SAN PEDRO DE PUTINA PUNCO,5538.41
210303,PUNO,CARABAYA,AYAPATA,2049.98
210309,PUNO,CARABAYA,SAN GABAN,745.232
150138,LIMA,LIMA,SANTA MARIA DEL MAR,7.813
151011,LIMA,YAUYOS,COLONIA,346.466
150501,LIMA,CAÑETE,SAN VICENTE DE CAÑETE,519.882
150502,LIMA,CAÑETE,ASIA,282.288
150505,LIMA,CAÑETE,CHILCA,483.263
150507,LIMA,CAÑETE,IMPERIAL,52.281
150509,LIMA,CAÑETE,MALA,131.112
150512,LIMA,CAÑETE,QUILMANA,449.122
150515,LIMA,CAÑETE,SANTA CRUZ DE FLORES,94.331
150601,LIMA,HUARAL,HUARAL,645.219
150605,LIMA,HUARAL,CHANCAY,155.015
150611,LIMA,HUARAL,SUMBILCA,236.854
150701,LIMA,HUAROCHIRI,MATUCANA,180.6
150702,LIMA,HUAROCHIRI,ANTIOQUIA,417.632
150703,LIMA,HUAROCHIRI,CALLAHUANCA,50.638
150704,LIMA,HUAROCHIRI,CARAMPOMA,231.889
150705,LIMA,HUAROCHIRI,CHICLA,235.134
150706,LIMA,HUAROCHIRI,CUENCA,67.555
150707,LIMA,HUAROCHIRI,HUACHUPAMPA,78.808
150708,LIMA,HUAROCHIRI,HUANZA,234.138
150709,LIMA,HUAROCHIRI,HUAROCHIRI,240.496
150106,LIMA,LIMA,CARABAYLLO,312.264
150109,LIMA,LIMA,CIENEGUILLA,225.262
150119,LIMA,LIMA,LURIN,188.36
150123,LIMA,LIMA,PACHACAMAC,185.557
150124,LIMA,LIMA,PUCUSANA,29.417
150126,LIMA,LIMA,PUNTA HERMOSA,121.866
150127,LIMA,LIMA,PUNTA NEGRA,129.609
150129,LIMA,LIMA,SAN BARTOLO,53.652
150710,LIMA,HUAROCHIRI,LAHUAYTAMBO,82.014
150711,LIMA,HUAROCHIRI,LANGA,76.735
150712,LIMA,HUAROCHIRI,LARAOS,117.371
150713,LIMA,HUAROCHIRI,MARIATANA,168.547
150714,LIMA,HUAROCHIRI,RICARDO PALMA,35.035
150715,LIMA,HUAROCHIRI,SAN ANDRES DE TUPICOCHA,96.536
150716,LIMA,HUAROCHIRI,SAN ANTONIO,570.264
150717,LIMA,HUAROCHIRI,SAN BARTOLOME,42.824
150718,LIMA,HUAROCHIRI,SAN DAMIAN,333.574
150719,LIMA,HUAROCHIRI,SAN JUAN DE IRIS,128.396
150720,LIMA,HUAROCHIRI,SAN JUAN DE TANTARANCHE,138.887
150721,LIMA,HUAROCHIRI,SAN LORENZO DE QUINTI,450.136
150722,LIMA,HUAROCHIRI,SAN MATEO,416.823
150723,LIMA,HUAROCHIRI,SAN MATEO DE OTAO,134.53
150724,LIMA,HUAROCHIRI,SAN PEDRO DE CASTA,82.291
150725,LIMA,HUAROCHIRI,SAN PEDRO DE HUANCAYRE,39.407
150726,LIMA,HUAROCHIRI,SANGALLAYA,92.619
150727,LIMA,HUAROCHIRI,SANTA CRUZ DE COCACHACRA,33.152
150728,LIMA,HUAROCHIRI,SANTA EULALIA,116.82
150729,LIMA,HUAROCHIRI,SANTIAGO DE ANCHUCAYA,94.822
150730,LIMA,HUAROCHIRI,SANTIAGO DE TUNA,62.859
150731,LIMA,HUAROCHIRI,SANTO DOMINGO DE LOS OLLEROS,577.834
150732,LIMA,HUAROCHIRI,SURCO,106.846
150801,LIMA,HUAURA,HUACHO,711.136
150803,LIMA,HUAURA,CALETA DE CARQUIN,3.293
150805,LIMA,HUAURA,HUALMAY,6.058
150810,LIMA,HUAURA,SANTA MARIA,135.475
151006,LIMA,YAUYOS,CACRA,209.915
151008,LIMA,YAUYOS,CATAHUASI,118.298
151009,LIMA,YAUYOS,CHOCOS,212.27
151012,LIMA,YAUYOS,HONGOS,121.059
151015,LIMA,YAUYOS,HUANGASCAR,50.062
151019,LIMA,YAUYOS,LINCHA,218.347
151023,LIMA,YAUYOS,PUTINZA,71.383
151031,LIMA,YAUYOS,TUPE,290.325
151032,LIMA,YAUYOS,VIÑAC,157.004
150401,LIMA,CANTA,CANTA,134.172
150402,LIMA,CANTA,ARAHUAY,135.268
150403,LIMA,CANTA,HUAMANTANGA,493.308
150404,LIMA,CANTA,HUAROS,327.389
150405,LIMA,CANTA,LACHAQUI,128.384
150406,LIMA,CANTA,SAN BUENAVENTURA,107.565
150407,LIMA,CANTA,SANTA ROSA DE QUIVES,409.417
150503,LIMA,CAÑETE,CALANGO,526.99
150504,LIMA,CAÑETE,CERRO AZUL,120.164
150506,LIMA,CAÑETE,COAYLLO,600.445
150508,LIMA,CAÑETE,LUNAHUANA,493.655
150510,LIMA,CAÑETE,NUEVO IMPERIAL,320.321
150511,LIMA,CAÑETE,PACARAN,238.519
150513,LIMA,CAÑETE,SAN ANTONIO,39.307
150514,LIMA,CAÑETE,SAN LUIS,37.467
150516,LIMA,CAÑETE,ZUÑIGA,129.352
150602,LIMA,HUARAL,ATAVILLOS ALTO,345.153
150603,LIMA,HUARAL,ATAVILLOS BAJO,176.573
150604,LIMA,HUARAL,AUCALLAMA,719.47
150606,LIMA,HUARAL,IHUARI,474.129
150607,LIMA,HUARAL,LAMPIAN,147.946
150608,LIMA,HUARAL,PACARAOS,305.687
150609,LIMA,HUARAL,SAN MIGUEL DE ACOS,41.586
150610,LIMA,HUARAL,SANTA CRUZ DE ANDAMARCA,216.292
150612,LIMA,HUARAL,VEINTISIETE DE NOVIEMBRE,206.822
150807,LIMA,HUAURA,LEONCIO PRADO,294.725
151001,LIMA,YAUYOS,YAUYOS,332.404
151002,LIMA,YAUYOS,ALIS,140.739
151003,LIMA,YAUYOS,ALLAUCA,517.973
151004,LIMA,YAUYOS,AYAVIRI,244.849
151005,LIMA,YAUYOS,AZANGARO,77.452
151007,LIMA,YAUYOS,CARANIA,122.081
151010,LIMA,YAUYOS,COCHAS,38.294
151013,LIMA,YAUYOS,HUAMPARA,54.04
151014,LIMA,YAUYOS,HUANCAYA,277.557
151016,LIMA,YAUYOS,HUANTAN,513.307
151017,LIMA,YAUYOS,HUAÑEC,42.347
151018,LIMA,YAUYOS,LARAOS,409.607
151020,LIMA,YAUYOS,MADEAN,208.664
151021,LIMA,YAUYOS,MIRAFLORES,201.928
151022,LIMA,YAUYOS,OMAS,294.495
151024,LIMA,YAUYOS,QUINCHES,114.746
151025,LIMA,YAUYOS,QUINOCAY,157.464
151026,LIMA,YAUYOS,SAN JOAQUIN,75.584
151027,LIMA,YAUYOS,SAN PEDRO DE PILAS,100.37
151028,LIMA,YAUYOS,TANTA,346.004
151029,LIMA,YAUYOS,TAURIPAMPA,530.564
151030,LIMA,YAUYOS,TOMAS,291.592
151033,LIMA,YAUYOS,VITIS,104.916
070106,CALLAO,CALLAO,VENTANILLA,78.058
080105,CUSCO,CUSCO,SAN SEBASTIAN,68.154
070104,CALLAO,CALLAO,LA PERLA,3.263
070103,CALLAO,CALLAO,CARMEN DE LA LEGUA REYNOSO,1.913
070101,CALLAO,CALLAO,CALLAO,50.038
070102,CALLAO,CALLAO,BELLAVISTA,4.564
070105,CALLAO,CALLAO,LA PUNTA,0.793
090111,HUANCAVELICA,HUANCAVELICA,MARISCAL CACERES,5.235
110210,ICA,CHINCHA,SUNAMPE,16.17
110201,ICA,CHINCHA,CHINCHA ALTA,225.288
110207,ICA,CHINCHA,PUEBLO NUEVO,210.649
120114,JUNIN,HUANCAYO,EL TAMBO,166.47
120125,JUNIN,HUANCAYO,PILCOMAYO,8.884
120908,JUNIN,CHUPACA,TRES DE DICIEMBRE,11.771
150102,LIMA,LIMA,ANCON,310.849
150103,LIMA,LIMA,ATE,84.596
150107,LIMA,LIMA,CHACLACAYO,42.802
150108,LIMA,LIMA,CHORRILLOS,36.868
150125,LIMA,LIMA,PUENTE PIEDRA,50.459
150133,LIMA,LIMA,SAN JUAN DE MIRAFLORES,22.348
150140,LIMA,LIMA,SANTIAGO DE SURCO,34.626
150142,LIMA,LIMA,VILLA EL SALVADOR,33.863
150143,LIMA,LIMA,VILLA MARIA DEL TRIUNFO,66.221
150135,LIMA,LIMA,SAN MARTIN DE PORRES,36.453
150110,LIMA,LIMA,COMAS,48.872
150111,LIMA,LIMA,EL AGUSTINO,13.289
150114,LIMA,LIMA,LA MOLINA,48.622
150117,LIMA,LIMA,LOS OLIVOS,18.201
150118,LIMA,LIMA,LURIGANCHO,245.534
150113,LIMA,LIMA,JESUS MARIA,4.335
150116,LIMA,LIMA,LINCE,2.746
150122,LIMA,LIMA,MIRAFLORES,9.178
150120,LIMA,LIMA,MAGDALENA DEL MAR,3.64
150121,LIMA,LIMA,PUEBLO LIBRE,4.636
150130,LIMA,LIMA,SAN BORJA,10.327
150134,LIMA,LIMA,SAN LUIS,3.472
150136,LIMA,LIMA,SAN MIGUEL,9.685
150137,LIMA,LIMA,SANTA ANITA,10.716
150141,LIMA,LIMA,SURQUILLO,4.604
150105,LIMA,LIMA,BREÑA,3.195
150128,LIMA,LIMA,RIMAC,12.074
150112,LIMA,LIMA,INDEPENDENCIA,16.117
150132,LIMA,LIMA,SAN JUAN DE LURIGANCHO,140.382
150139,LIMA,LIMA,SANTA ROSA,17.556
150131,LIMA,LIMA,SAN ISIDRO,9.763
150115,LIMA,LIMA,LA VICTORIA,9.115
150104,LIMA,LIMA,BARRANCO,2.752
050116,AYACUCHO,HUAMANGA,ANDRES AVELINO CACERES DORREGARAY,9.144
120805,JUNIN,YAULI,MOROCOCHA,264.915
070107,CALLAO,CALLAO,MI PERU,2.812
010106,AMAZONAS,CHACHAPOYAS,CHUQUIBAMBA,183.712
100101,HUANUCO,HUANUCO,HUANUCO,127.889
100102,HUANUCO,HUANUCO,AMARILIS,133.366
100110,HUANUCO,HUANUCO,YARUMAYO,61.698
100111,HUANUCO,HUANUCO,PILLCO MARCA,77.366
100104,HUANUCO,HUANUCO,CHURUBAMBA,513.689
100106,HUANUCO,HUANUCO,QUISQUI (KICHKI),174.473
100107,HUANUCO,HUANUCO,SAN FRANCISCO DE CAYRAN,148.089
100108,HUANUCO,HUANUCO,SAN PEDRO DE CHAULAN,269.573
100112,HUANUCO,HUANUCO,YACUS,70.767
100307,HUANUCO,DOS DE MAYO,CHUQUIS,151.672
100313,HUANUCO,DOS DE MAYO,PACHAS,268.956
100317,HUANUCO,DOS DE MAYO,RIPAN,76.225
100321,HUANUCO,DOS DE MAYO,SHUNQUI,32.582
100801,HUANUCO,PACHITEA,PANAO,1610.033
101102,HUANUCO,YAROWILCA,CAHUAC,29.644
101103,HUANUCO,YAROWILCA,CHACABAMBA,16.446
101104,HUANUCO,YAROWILCA,APARICIO POMARES,183.727
101105,HUANUCO,YAROWILCA,JACAS CHICO,37.955
101107,HUANUCO,YAROWILCA,PAMPAMARCA,72.967
101108,HUANUCO,YAROWILCA,CHORAS,61.046
101004,HUANUCO,LAURICOCHA,QUEROPALCA,133.229
101006,HUANUCO,LAURICOCHA,SAN FRANCISCO DE ASIS,86.3
101007,HUANUCO,LAURICOCHA,SAN MIGUEL DE CAURI,821.041
100103,HUANUCO,HUANUCO,CHINCHAO,806.72
100323,HUANUCO,DOS DE MAYO,YANAS,37.339
100105,HUANUCO,HUANUCO,MARGOS,209.141
100802,HUANUCO,PACHITEA,CHAGLLA,1078.644
100109,HUANUCO,HUANUCO,SANTA MARIA DEL VALLE,452.149
100316,HUANUCO,DOS DE MAYO,QUIVILLA,37.208
100510,HUANUCO,HUAMALIES,SINGA,159.745
100601,HUANUCO,LEONCIO PRADO,RUPA-RUPA,260.643
100311,HUANUCO,DOS DE MAYO,MARIAS,642.711
100501,HUANUCO,HUAMALIES,LLATA,413.908
100503,HUANUCO,HUAMALIES,CHAVIN DE PARIARCA,92.649
100504,HUANUCO,HUAMALIES,JACAS GRANDE,219.353
100505,HUANUCO,HUAMALIES,JIRCAN,238.712
100602,HUANUCO,LEONCIO PRADO,DANIEL ALOMIA ROBLES,703.934
100502,HUANUCO,HUAMALIES,ARANCAY,117.734
100605,HUANUCO,LEONCIO PRADO,LUYANDO,111.43
100701,HUANUCO,MARAÑON,HUACRACHUCO,700.692
100703,HUANUCO,MARAÑON,SAN BUENAVENTURA,92.592
100207,HUANUCO,AMBO,SAN RAFAEL,440.553
100201,HUANUCO,AMBO,AMBO,287.143
100202,HUANUCO,AMBO,CAYNA,157.054
100203,HUANUCO,AMBO,COLPAS,176.927
100204,HUANUCO,AMBO,CONCHAMARCA,112.151
100205,HUANUCO,AMBO,HUACAR,237.934
100206,HUANUCO,AMBO,SAN FRANCISCO,118.899
100208,HUANUCO,AMBO,TOMAY KICHWA,41.604
100301,HUANUCO,DOS DE MAYO,LA UNION,169.283
100322,HUANUCO,DOS DE MAYO,SILLAPATA,72.947
100803,HUANUCO,PACHITEA,MOLINO,237.771
100804,HUANUCO,PACHITEA,UMARI,157.141
101101,HUANUCO,YAROWILCA,CHAVINILLO,206.185
101106,HUANUCO,YAROWILCA,OBAS,124.171
101001,HUANUCO,LAURICOCHA,JESUS,454.874
101002,HUANUCO,LAURICOCHA,BAÑOS,192.09
101003,HUANUCO,LAURICOCHA,JIVIA,62.083
101005,HUANUCO,LAURICOCHA,RONDOS,172.636
100506,HUANUCO,HUAMALIES,MIRAFLORES,94.887
100507,HUANUCO,HUAMALIES,MONZON,1403.726
100508,HUANUCO,HUAMALIES,PUNCHAO,40.759
100509,HUANUCO,HUAMALIES,PUÑOS,98.318
100901,HUANUCO,PUERTO INCA,PUERTO INCA,2391.323
100902,HUANUCO,PUERTO INCA,CODO DEL POZUZO,3223.611
100511,HUANUCO,HUAMALIES,TANTAMAYO,280.641
100606,HUANUCO,LEONCIO PRADO,MARIANO DAMASO BERAUN,746.534
100401,HUANUCO,HUACAYBAMBA,HUACAYBAMBA,551.58
100402,HUANUCO,HUACAYBAMBA,CANCHABAMBA,184.462
100403,HUANUCO,HUACAYBAMBA,COCHABAMBA,682.724
100404,HUANUCO,HUACAYBAMBA,PINRA,285.834
100604,HUANUCO,LEONCIO PRADO,JOSE CRESPO Y CASTILLO,1502.212
100702,HUANUCO,MARAÑON,CHOLON,2201.654
100903,HUANUCO,PUERTO INCA,HONORIA,949.275
100904,HUANUCO,PUERTO INCA,TOURNAVISTA,1740.932
120704,JUNIN,TARMA,HUASAHUASI,637.308
120608,JUNIN,SATIPO,RIO TAMBO,10214.155
120301,JUNIN,CHANCHAMAYO,CHANCHAMAYO,739.062
120302,JUNIN,CHANCHAMAYO,PERENE,1491.211
120303,JUNIN,CHANCHAMAYO,PICHANAQUI,1243.366
120304,JUNIN,CHANCHAMAYO,SAN LUIS DE SHUARO,192.501
120502,JUNIN,JUNIN,CARHUAMAYO,204.658
120504,JUNIN,JUNIN,ULCUMAYO,1132.908
100905,HUANUCO,PUERTO INCA,YUYAPICHIS,2066.72
160601,LORETO,UCAYALI,CONTAMANA,11010.998
160602,LORETO,UCAYALI,INAHUAYA,630.181
160603,LORETO,UCAYALI,PADRE MARQUEZ,2436.828
160604,LORETO,UCAYALI,PAMPA HERMOSA,7476.496
220703,SAN MARTIN,PICOTA,CASPISAPA,76.027
220202,SAN MARTIN,BELLAVISTA,ALTO BIAVO,5958.379
190104,PASCO,PASCO,HUAYLLAY,1017.847
190112,PASCO,PASCO,VICCO,171.412
190105,PASCO,PASCO,NINACACA,538.036
190111,PASCO,PASCO,TINYAHUARCO,96.144
190101,PASCO,PASCO,CHAUPIMARCA,15.546
190107,PASCO,PASCO,PAUCARTAMBO,794.008
190113,PASCO,PASCO,YANACANCHA,157.748
190109,PASCO,PASCO,SIMON BOLIVAR,691.069
190110,PASCO,PASCO,TICLACAYAN,714.004
190108,PASCO,PASCO,SAN FRANCISCO DE ASIS DE YARUSYACAN,120.212
190208,PASCO,DANIEL ALCIDES CARRION,VILCABAMBA,82.466
190206,PASCO,DANIEL ALCIDES CARRION,SANTA ANA DE TUSI,285.302
190201,PASCO,DANIEL ALCIDES CARRION,YANAHUANCA,741.118
190203,PASCO,DANIEL ALCIDES CARRION,GOYLLARISQUIZGA,19.311
190202,PASCO,DANIEL ALCIDES CARRION,CHACAYAN,160.158
190103,PASCO,PASCO,HUARIACA,123.15
190205,PASCO,DANIEL ALCIDES CARRION,SAN PEDRO DE PILLAO,76.586
190106,PASCO,PASCO,PALLANCHACRA,72.608
190207,PASCO,DANIEL ALCIDES CARRION,TAPUC,46.627
190204,PASCO,DANIEL ALCIDES CARRION,PAUCAR,107.487
221005,SAN MARTIN,TOCACHE,UCHIZA,767.934
221002,SAN MARTIN,TOCACHE,NUEVO PROGRESO,824.939
221004,SAN MARTIN,TOCACHE,SHUNTE,1060.136
221001,SAN MARTIN,TOCACHE,TOCACHE,1110.522
221003,SAN MARTIN,TOCACHE,POLVORA,2263.064
220602,SAN MARTIN,MARISCAL CACERES,CAMPANILLA,1809.731
220605,SAN MARTIN,MARISCAL CACERES,PAJARILLO,454.312
220601,SAN MARTIN,MARISCAL CACERES,JUANJUI,447.627
220204,SAN MARTIN,BELLAVISTA,HUALLAGA,256.311
220203,SAN MARTIN,BELLAVISTA,BAJO BIAVO,1122.39
220405,SAN MARTIN,HUALLAGA,SACANCHE,161.707
220406,SAN MARTIN,HUALLAGA,TINGO DE SAPOSOA,46.939
220206,SAN MARTIN,BELLAVISTA,SAN RAFAEL,107.168
220403,SAN MARTIN,HUALLAGA,EL ESLABON,124.646
220404,SAN MARTIN,HUALLAGA,PISCOYACU,179.713
220707,SAN MARTIN,PICOTA,SAN HILARION,103.978
220201,SAN MARTIN,BELLAVISTA,BELLAVISTA,259.392
220706,SAN MARTIN,PICOTA,SAN CRISTOBAL,30.084
220708,SAN MARTIN,PICOTA,SHAMBOYACU,392.471
220709,SAN MARTIN,PICOTA,TINGO DE PONASA,335.317
220701,SAN MARTIN,PICOTA,PICOTA,217.298
190306,PASCO,OXAPAMPA,PUERTO BERMUDEZ,7678.002
190301,PASCO,OXAPAMPA,OXAPAMPA,402.193
190307,PASCO,OXAPAMPA,VILLA RICA,823.216
190302,PASCO,OXAPAMPA,CHONTABAMBA,437.893
190303,PASCO,OXAPAMPA,HUANCABAMBA,1134.982
190305,PASCO,OXAPAMPA,POZUZO,716.578
190308,PASCO,OXAPAMPA,CONSTITUCION,3053.167
190304,PASCO,OXAPAMPA,PALCAZU,2789.731
190102,PASCO,PASCO,HUACHON,828.698
061002,CAJAMARCA,SAN MARCOS,CHANCAY,68.292
061003,CAJAMARCA,SAN MARCOS,EDUARDO VILLANUEVA,62.322
061007,CAJAMARCA,SAN MARCOS,JOSE SABOGAL,582.87
060106,CAJAMARCA,CAJAMARCA,JESUS,295.173
060107,CAJAMARCA,CAJAMARCA,LLACANORA,50.758
060108,CAJAMARCA,CAJAMARCA,LOS BAÑOS DEL INCA,281.978
060109,CAJAMARCA,CAJAMARCA,MAGDALENA,206.966
060110,CAJAMARCA,CAJAMARCA,MATARA,57.559
060111,CAJAMARCA,CAJAMARCA,NAMORA,157.661
060112,CAJAMARCA,CAJAMARCA,SAN JUAN,72.342
060201,CAJAMARCA,CAJABAMBA,CAJABAMBA,190.095
060305,CAJAMARCA,CELENDIN,JORGE CHAVEZ,51.961
060310,CAJAMARCA,CELENDIN,SUCRE,262.33
060311,CAJAMARCA,CELENDIN,UTCO,99.61
060501,CAJAMARCA,CONTUMAZA,CONTUMAZA,351.832
060502,CAJAMARCA,CONTUMAZA,CHILETE,131.301
060506,CAJAMARCA,CONTUMAZA,SANTA CRUZ DE TOLED,65.315
060507,CAJAMARCA,CONTUMAZA,TANTARICA,146.951
060508,CAJAMARCA,CONTUMAZA,YONAN,544.901
061101,CAJAMARCA,SAN MIGUEL,SAN MIGUEL,354.84
061102,CAJAMARCA,SAN MIGUEL,BOLIVAR,84.438
061103,CAJAMARCA,SAN MIGUEL,CALQUIS,339.021
061106,CAJAMARCA,SAN MIGUEL,LA FLORIDA,54.976
061107,CAJAMARCA,SAN MIGUEL,LLAPA,142.325
061108,CAJAMARCA,SAN MIGUEL,NANCHOC,358.821
061111,CAJAMARCA,SAN MIGUEL,SAN SILVESTRE DE COCHAN,134.265
061113,CAJAMARCA,SAN MIGUEL,UNION AGUA BLANCA,170.01
061201,CAJAMARCA,SAN PABLO,SAN PABLO,200.003
061202,CAJAMARCA,SAN PABLO,SAN BERNARDINO,166.346
061204,CAJAMARCA,SAN PABLO,TUMBADEN,255.458
130907,LA LIBERTAD,SANCHEZ CARRION,SARIN,335.319
130908,LA LIBERTAD,SANCHEZ CARRION,SARTIMBAMBA,397.33
130107,LA LIBERTAD,TRUJILLO,MOCHE,27.356
130108,LA LIBERTAD,TRUJILLO,POROTO,150.224
130101,LA LIBERTAD,TRUJILLO,TRUJILLO,38.245
130104,LA LIBERTAD,TRUJILLO,HUANCHACO,316.267
130109,LA LIBERTAD,TRUJILLO,SALAVERRY,289.733
130110,LA LIBERTAD,TRUJILLO,SIMBAL,388.459
130111,LA LIBERTAD,TRUJILLO,VICTOR LARCO HERRERA,11.877
130201,LA LIBERTAD,ASCOPE,ASCOPE,297.726
130202,LA LIBERTAD,ASCOPE,CHICAMA,896.661
130203,LA LIBERTAD,ASCOPE,CHOCOPE,99.297
130204,LA LIBERTAD,ASCOPE,MAGDALENA DE CAO,160.252
130205,LA LIBERTAD,ASCOPE,PAIJAN,82.215
130206,LA LIBERTAD,ASCOPE,RAZURI,310.331
130301,LA LIBERTAD,BOLIVAR,BOLIVAR,736.177
130601,LA LIBERTAD,OTUZCO,OTUZCO,401.902
130602,LA LIBERTAD,OTUZCO,AGALLPAMPA,258.168
130604,LA LIBERTAD,OTUZCO,CHARAT,65.784
130605,LA LIBERTAD,OTUZCO,HUARANCHAL,135.066
130606,LA LIBERTAD,OTUZCO,LA CUESTA,41.421
130608,LA LIBERTAD,OTUZCO,MACHE,37.288
131101,LA LIBERTAD,GRAN CHIMU,CASCAS,466.526
131102,LA LIBERTAD,GRAN CHIMU,LUCMA,287.432
131103,LA LIBERTAD,GRAN CHIMU,MARMOT,300.025
131104,LA LIBERTAD,GRAN CHIMU,SAYAPULLO,234.319
131201,LA LIBERTAD,VIRU,VIRU,1084.281
131002,LA LIBERTAD,SANTIAGO DE CHUCO,ANGASMARCA,145.764
131003,LA LIBERTAD,SANTIAGO DE CHUCO,CACHICADAN,269.927
131004,LA LIBERTAD,SANTIAGO DE CHUCO,MOLLEBAMBA,69.299
131005,LA LIBERTAD,SANTIAGO DE CHUCO,MOLLEPATA,68.999
131006,LA LIBERTAD,SANTIAGO DE CHUCO,QUIRUVILCA,553.945
131007,LA LIBERTAD,SANTIAGO DE CHUCO,SANTA CRUZ DE CHUCA,167.62
131008,LA LIBERTAD,SANTIAGO DE CHUCO,SITABAMBA,314.677
130501,LA LIBERTAD,JULCAN,JULCAN,227.685
130502,LA LIBERTAD,JULCAN,CALAMARCA,208.823
130503,LA LIBERTAD,JULCAN,CARABAMBA,234.256
130504,LA LIBERTAD,JULCAN,HUASO,438.539
130703,LA LIBERTAD,PACASMAYO,JEQUETEPEQUE,48.648
130704,LA LIBERTAD,PACASMAYO,PACASMAYO,34.626
130705,LA LIBERTAD,PACASMAYO,SAN JOSE,178.281
130801,LA LIBERTAD,PATAZ,TAYABAMBA,337.911
130802,LA LIBERTAD,PATAZ,BULDIBUYO,229.831
130803,LA LIBERTAD,PATAZ,CHILLIA,308.51
130804,LA LIBERTAD,PATAZ,HUANCASPATA,241.946
130805,LA LIBERTAD,PATAZ,HUAYLILLAS,92.856
130806,LA LIBERTAD,PATAZ,HUAYO,125.142
130207,LA LIBERTAD,ASCOPE,SANTIAGO DE CAO,135.998
130208,LA LIBERTAD,ASCOPE,CASA GRANDE,659.051
130302,LA LIBERTAD,BOLIVAR,BAMBAMARCA,164.271
130303,LA LIBERTAD,BOLIVAR,CONDORMARCA,323.488
130304,LA LIBERTAD,BOLIVAR,LONGOTEA,188.888
130305,LA LIBERTAD,BOLIVAR,UCHUMARCA,220.971
130306,LA LIBERTAD,BOLIVAR,UCUNCHA,100.19
130401,LA LIBERTAD,CHEPEN,CHEPEN,288.477
130402,LA LIBERTAD,CHEPEN,PACANGA,587.886
130403,LA LIBERTAD,CHEPEN,PUEBLO NUEVO,270.484
130610,LA LIBERTAD,OTUZCO,PARANDAY,22.142
130611,LA LIBERTAD,OTUZCO,SALPO,195.405
130613,LA LIBERTAD,OTUZCO,SINSICAP,453.452
130614,LA LIBERTAD,OTUZCO,USQUIL,466.961
130701,LA LIBERTAD,PACASMAYO,SAN PEDRO DE LLOC,682.327
130702,LA LIBERTAD,PACASMAYO,GUADALUPE,167.378
131202,LA LIBERTAD,VIRU,CHAO,1672.164
131203,LA LIBERTAD,VIRU,GUADALUPITO,426.694
130106,LA LIBERTAD,TRUJILLO,LAREDO,492.105
130902,LA LIBERTAD,SANCHEZ CARRION,CHUGAY,416.823
130903,LA LIBERTAD,SANCHEZ CARRION,COCHORCO,262.48
130904,LA LIBERTAD,SANCHEZ CARRION,CURGOS,98.214
130807,LA LIBERTAD,PATAZ,ONGON,1312.224
130808,LA LIBERTAD,PATAZ,PARCOY,277.597
130809,LA LIBERTAD,PATAZ,PATAZ,392.874
130810,LA LIBERTAD,PATAZ,PIAS,309.992
130811,LA LIBERTAD,PATAZ,SANTIAGO DE CHALLAS,130.439
130812,LA LIBERTAD,PATAZ,TAURIJA,130.424
130813,LA LIBERTAD,PATAZ,URPAY,102.44
130901,LA LIBERTAD,SANCHEZ CARRION,HUAMACHUCO,415.247
130905,LA LIBERTAD,SANCHEZ CARRION,MARCABAL,235.213
130906,LA LIBERTAD,SANCHEZ CARRION,SANAGORAN,336.806
131001,LA LIBERTAD,SANTIAGO DE CHUCO,SANTIAGO DE CHUCO,1079.297
250201,UCAYALI,ATALAYA,RAYMONDI,14539.07
250401,UCAYALI,PURUS,PURUS,18422.02
250203,UCAYALI,ATALAYA,TAHUANIA,7674.815
250204,UCAYALI,ATALAYA,YURUA,9026.983
250103,UCAYALI,CORONEL PORTILLO,IPARIA,7372.387
250301,UCAYALI,PADRE ABAD,PADRE ABAD,4716.16
250305,UCAYALI,PADRE ABAD,ALEXANDER VON HUMBOLDT,205.291
250302,UCAYALI,PADRE ABAD,IRAZOLA,1877.44
250104,UCAYALI,CORONEL PORTILLO,MASISEA,14707.531
250304,UCAYALI,PADRE ABAD,NESHUYA,623.868
250303,UCAYALI,PADRE ABAD,CURIMANA,1879.092
250107,UCAYALI,CORONEL PORTILLO,MANANTAY,644.977
250102,UCAYALI,CORONEL PORTILLO,CAMPOVERDE,1325.723
250106,UCAYALI,CORONEL PORTILLO,NUEVA REQUENA,2061.613
250105,UCAYALI,CORONEL PORTILLO,YARINACOCHA,661.688
250101,UCAYALI,CORONEL PORTILLO,CALLERIA,11652.354
061001,CAJAMARCA,SAN MARCOS,PEDRO GALVEZ,242.585
061004,CAJAMARCA,SAN MARCOS,GREGORIO PITA,220.921
061005,CAJAMARCA,SAN MARCOS,ICHOCAN,67.882
061006,CAJAMARCA,SAN MARCOS,JOSE MANUEL QUIROZ,107.765
060102,CAJAMARCA,CAJAMARCA,ASUNCION,213.955
060105,CAJAMARCA,CAJAMARCA,ENCAÑADA,633.375
060202,CAJAMARCA,CAJABAMBA,CACHACHI,817.428
060203,CAJAMARCA,CAJABAMBA,CONDEBAMBA,196.924
060204,CAJAMARCA,CAJABAMBA,SITACOCHA,581.182
060306,CAJAMARCA,CELENDIN,JOSE GALVEZ,50.381
060308,CAJAMARCA,CELENDIN,OXAMARCA,281.648
060309,CAJAMARCA,CELENDIN,SOROCHUCO,166.554
060504,CAJAMARCA,CONTUMAZA,GUZMANGO,50.385
061105,CAJAMARCA,SAN MIGUEL,EL PRADO,70.308
061109,CAJAMARCA,SAN MIGUEL,NIEPOS,154.968
061110,CAJAMARCA,SAN MIGUEL,SAN GREGORIO,308.195
061203,CAJAMARCA,SAN PABLO,SAN LUIS,42.788
140103,LAMBAYEQUE,CHICLAYO,ETEN,83.27
140106,LAMBAYEQUE,CHICLAYO,LA VICTORIA,41.314
140107,LAMBAYEQUE,CHICLAYO,LAGUNAS,429.995
140108,LAMBAYEQUE,CHICLAYO,MONSEFU,46.794
140109,LAMBAYEQUE,CHICLAYO,NUEVA ARICA,211.482
140113,LAMBAYEQUE,CHICLAYO,REQUE,45.321
140114,LAMBAYEQUE,CHICLAYO,SANTA ROSA,13.589
140115,LAMBAYEQUE,CHICLAYO,SAÑA,314.095
140116,LAMBAYEQUE,CHICLAYO,CAYALTI,164.427
150201,LIMA,BARRANCA,BARRANCA,160.72
150806,LIMA,HUAURA,HUAURA,481.207
150902,LIMA,OYON,ANDAJES,152.97
150903,LIMA,OYON,CAUJUL,104.415
150904,LIMA,OYON,COCHAMARCA,258.461
150905,LIMA,OYON,NAVAN,230.635
150202,LIMA,BARRANCA,PARAMONGA,413.439
150204,LIMA,BARRANCA,SUPE,519.125
150205,LIMA,BARRANCA,SUPE PUERTO,15.443
020301,ANCASH,ANTONIO RAYMONDI,LLAMELLIN,95.345
021206,ANCASH,HUAYLAS,PAMPAROMAS,500.101
020502,ANCASH,BOLOGNESI,ABELARDO PARDO LEZAMETA,11.907
020503,ANCASH,BOLOGNESI,ANTONIO RAYMONDI,121.918
020505,ANCASH,BOLOGNESI,CAJACAY,185.188
020506,ANCASH,BOLOGNESI,CANIS,20.733
020507,ANCASH,BOLOGNESI,COLQUIOC,305.032
020511,ANCASH,BOLOGNESI,LA PRIMAVERA,62.472
020512,ANCASH,BOLOGNESI,MANGAS,126.035
020513,ANCASH,BOLOGNESI,PACLLON,210.629
020514,ANCASH,BOLOGNESI,SAN MIGUEL DE CORPANQUI,42.718
020515,ANCASH,BOLOGNESI,TICLLOS,92.56
020105,ANCASH,HUARAZ,INDEPENDENCIA,345.48
020305,ANCASH,ANTONIO RAYMONDI,MIRGAS,172.063
021809,ANCASH,SANTA,NUEVO CHIMBOTE,400.745
020901,ANCASH,CORONGO,CORONGO,151.661
020902,ANCASH,CORONGO,ACO,57.464
020903,ANCASH,CORONGO,BAMBAS,153.807
020904,ANCASH,CORONGO,CUSCA,425.929
020905,ANCASH,CORONGO,LA PAMPA,94.672
020906,ANCASH,CORONGO,YANAC,46.802
020907,ANCASH,CORONGO,YUPAN,84.906
021405,ANCASH,OCROS,COCHAS,411.101
060103,CAJAMARCA,CAJAMARCA,CHETILLA,73.517
060104,CAJAMARCA,CAJAMARCA,COSPAN,552.527
060503,CAJAMARCA,CONTUMAZA,CUPISNIQUE,292.883
060505,CAJAMARCA,CONTUMAZA,SAN BENITO,486.443
020205,ANCASH,AIJA,SUCCHA,77.415
021008,ANCASH,HUARI,HUANTAR,161.756
021009,ANCASH,HUARI,MASIN,75.222
021010,ANCASH,HUARI,PAUCAS,138.977
021011,ANCASH,HUARI,PONTO,119.006
021012,ANCASH,HUARI,RAHUAPAMPA,9.548
021013,ANCASH,HUARI,RAPAYAN,145.514
021014,ANCASH,HUARI,SAN MARCOS,561.501
021015,ANCASH,HUARI,SAN PEDRO DE CHANA,143.957
021016,ANCASH,HUARI,UCO,51.884
021101,ANCASH,HUARMEY,HUARMEY,2908.824
021102,ANCASH,HUARMEY,COCHAPETI,98.514
021103,ANCASH,HUARMEY,CULEBRAS,630.301
021104,ANCASH,HUARMEY,HUAYAN,113.096
021105,ANCASH,HUARMEY,MALVAS,167.702
021201,ANCASH,HUAYLAS,CARAZ,243.799
021207,ANCASH,HUAYLAS,PUEBLO LIBRE,127.213
020204,ANCASH,AIJA,LA MERCED,156.697
020302,ANCASH,ANTONIO RAYMONDI,ACZO,65.474
020303,ANCASH,ANTONIO RAYMONDI,CHACCHO,71.988
020304,ANCASH,ANTONIO RAYMONDI,CHINGAS,50.524
020804,ANCASH,CASMA,YAUTAN,365.328
020501,ANCASH,BOLOGNESI,CHIQUIAN,185.811
020504,ANCASH,BOLOGNESI,AQUIA,436.843
020508,ANCASH,BOLOGNESI,HUALLANCA,817.962
020509,ANCASH,BOLOGNESI,HUASTA,389.767
020510,ANCASH,BOLOGNESI,HUAYLLACAYAN,117.474
020601,ANCASH,CARHUAZ,CARHUAZ,195.332
020602,ANCASH,CARHUAZ,ACOPAMPA,14.573
020603,ANCASH,CARHUAZ,AMASHCA,13.208
020604,ANCASH,CARHUAZ,ANTA,43.209
020605,ANCASH,CARHUAZ,ATAQUERO,46.362
020606,ANCASH,CARHUAZ,MARCARA,176.991
020607,ANCASH,CARHUAZ,PARIAHUANCA,11.925
020101,ANCASH,HUARAZ,HUARAZ,422.664
020102,ANCASH,HUARAZ,COCHABAMBA,138.266
020104,ANCASH,HUARAZ,HUANCHAY,208.86
020106,ANCASH,HUARAZ,JANGAS,62.264
020107,ANCASH,HUARAZ,LA LIBERTAD,148.377
020108,ANCASH,HUARAZ,OLLEROS,230.777
020109,ANCASH,HUARAZ,PAMPAS GRANDE,351.672
020110,ANCASH,HUARAZ,PARIACOTO,168.126
020111,ANCASH,HUARAZ,PIRA,261.262
020112,ANCASH,HUARAZ,TARICA,117.147
020201,ANCASH,AIJA,AIJA,162.42
020202,ANCASH,AIJA,CORIS,259.027
020203,ANCASH,AIJA,HUACLLAN,39.917
020306,ANCASH,ANTONIO RAYMONDI,SAN JUAN DE RONTOY,101.942
020401,ANCASH,ASUNCION,CHACAS,451.218
020402,ANCASH,ASUNCION,ACOCHACA,76.542
020701,ANCASH,CARLOS FERMIN FITZCARRALD,SAN LUIS,247.431
020801,ANCASH,CASMA,CASMA,1207.722
020802,ANCASH,CASMA,BUENA VISTA ALTA,480.44
021409,ANCASH,OCROS,SAN PEDRO,534.305
021410,ANCASH,OCROS,SANTIAGO DE CHILCAS,88.703
021701,ANCASH,RECUAY,RECUAY,149.329
021702,ANCASH,RECUAY,CATAC,1024.538
021703,ANCASH,RECUAY,COTAPARACO,175.033
021704,ANCASH,RECUAY,HUAYLLAPAMPA,110.988
021705,ANCASH,RECUAY,LLACLLIN,95.912
021706,ANCASH,RECUAY,MARCA,182.544
021707,ANCASH,RECUAY,PAMPAS CHICO,104.725
021708,ANCASH,RECUAY,PARARIN,258.976
021709,ANCASH,RECUAY,TAPACOCHA,78.225
021710,ANCASH,RECUAY,TICAPAMPA,146.12
021805,ANCASH,SANTA,MORO,356.924
021806,ANCASH,SANTA,NEPEÑA,456.877
021807,ANCASH,SANTA,SAMANCO,149.225
022001,ANCASH,YUNGAY,YUNGAY,273.222
022002,ANCASH,YUNGAY,CASCAPARA,136.933
022003,ANCASH,YUNGAY,MANCOS,62.926
022004,ANCASH,YUNGAY,MATACOTO,47.02
022005,ANCASH,YUNGAY,QUILLO,370.746
022006,ANCASH,YUNGAY,RANRAHIRCA,21.674
022007,ANCASH,YUNGAY,SHUPLUY,166.514
022008,ANCASH,YUNGAY,YANAMA,283.824
020103,ANCASH,HUARAZ,COLCABAMBA,52.017
021202,ANCASH,HUAYLAS,HUALLANCA,195.131
021203,ANCASH,HUAYLAS,HUATA,69.441
021204,ANCASH,HUAYLAS,HUAYLAS,54.004
021205,ANCASH,HUAYLAS,MATO,105.829
020702,ANCASH,CARLOS FERMIN FITZCARRALD,SAN NICOLAS,204.922
020703,ANCASH,CARLOS FERMIN FITZCARRALD,YAUYA,174.636
021208,ANCASH,HUAYLAS,SANTA CRUZ,359.365
021209,ANCASH,HUAYLAS,SANTO TORIBIO,84.39
021210,ANCASH,HUAYLAS,YURACMARCA,547.226
021301,ANCASH,MARISCAL LUZURIAGA,PISCOBAMBA,45.791
021302,ANCASH,MARISCAL LUZURIAGA,CASCA,75.98
021303,ANCASH,MARISCAL LUZURIAGA,ELEAZAR GUZMAN BARRON,98.458
021304,ANCASH,MARISCAL LUZURIAGA,FIDEL OLIVAS ESCUDERO,213.547
021305,ANCASH,MARISCAL LUZURIAGA,LLAMA,49.09
021306,ANCASH,MARISCAL LUZURIAGA,LLUMPA,139.104
021307,ANCASH,MARISCAL LUZURIAGA,LUCMA,75.274
021308,ANCASH,MARISCAL LUZURIAGA,MUSGA,38.871
021501,ANCASH,PALLASCA,CABANA,144.673
021502,ANCASH,PALLASCA,BOLOGNESI,81.822
020803,ANCASH,CASMA,COMANDANTE NOEL,217.337
020608,ANCASH,CARHUAZ,SAN MIGUEL DE ACO,122.927
020609,ANCASH,CARHUAZ,SHILLA,127.792
020610,ANCASH,CARHUAZ,TINCO,15.749
020611,ANCASH,CARHUAZ,YUNGAR,45.271
021001,ANCASH,HUARI,HUARI,399.663
021002,ANCASH,HUARI,ANRA,80.666
021003,ANCASH,HUARI,CAJAY,165.449
021004,ANCASH,HUARI,CHAVIN DE HUANTAR,419.38
021005,ANCASH,HUARI,HUACACHI,89.034
021006,ANCASH,HUARI,HUACCHIS,76.268
021007,ANCASH,HUARI,HUACHIS,152.071
021401,ANCASH,OCROS,OCROS,226.233
021402,ANCASH,OCROS,ACAS,254.85
021403,ANCASH,OCROS,CAJAMARQUILLA,78.62
021404,ANCASH,OCROS,CARHUAPAMPA,106.568
021406,ANCASH,OCROS,CONGAS,108.993
021407,ANCASH,OCROS,LLIPA,31.473
021408,ANCASH,OCROS,SAN CRISTOBAL DE RAJAN,70.609
021503,ANCASH,PALLASCA,CONCHUCOS,579.512
021504,ANCASH,PALLASCA,HUACASCHUQUE,13.562
021505,ANCASH,PALLASCA,HUANDOVAL,115.514
021506,ANCASH,PALLASCA,LACABAMBA,63.517
021507,ANCASH,PALLASCA,LLAPO,29.227
021508,ANCASH,PALLASCA,PALLASCA,110.297
021509,ANCASH,PALLASCA,PAMPAS,439.91
021510,ANCASH,PALLASCA,SANTA ROSA,290.038
021511,ANCASH,PALLASCA,TAUCA,198.784
021601,ANCASH,POMABAMBA,POMABAMBA,344.069
021602,ANCASH,POMABAMBA,HUAYLLAN,88.765
021603,ANCASH,POMABAMBA,PAROBAMBA,338.804
021604,ANCASH,POMABAMBA,QUINUABAMBA,149.644
021801,ANCASH,SANTA,CHIMBOTE,1445.303
021802,ANCASH,SANTA,CACERES DEL PERU,528.168
021804,ANCASH,SANTA,MACATE,586.901
021808,ANCASH,SANTA,SANTA,40.85
021901,ANCASH,SIHUAS,SIHUAS,46.017
021902,ANCASH,SIHUAS,ACOBAMBA,150.328
021903,ANCASH,SIHUAS,ALFONSO UGARTE,89.11
021904,ANCASH,SIHUAS,CASHAPAMPA,69.587
021905,ANCASH,SIHUAS,CHINGALPO,173.453
021906,ANCASH,SIHUAS,HUAYLLABAMBA,276.599
021907,ANCASH,SIHUAS,QUICHES,148.275
021908,ANCASH,SIHUAS,RAGASH,208.773
021909,ANCASH,SIHUAS,SAN JUAN,211.312
021910,ANCASH,SIHUAS,SICSIBAMBA,82.453
150304,LIMA,CAJATAMBO,HUANCAPON,150.104
150305,LIMA,CAJATAMBO,MANAS,282.692
150802,LIMA,HUAURA,AMBAR,941.447
150804,LIMA,HUAURA,CHECRAS,166.913
150808,LIMA,HUAURA,PACCHO,237.498
150809,LIMA,HUAURA,SANTA LEONOR,374.601
150811,LIMA,HUAURA,SAYAN,1313.526
150812,LIMA,HUAURA,VEGUETA,257.66
150901,LIMA,OYON,OYON,876.704
150906,LIMA,OYON,PACHANGARA,255.128
150203,LIMA,BARRANCA,PATIVILCA,281.843
150301,LIMA,CAJATAMBO,CAJATAMBO,552.217
150302,LIMA,CAJATAMBO,COPA,205.395
150303,LIMA,CAJATAMBO,GORGOR,336.121
130102,LA LIBERTAD,TRUJILLO,EL PORVENIR,38.437
060101,CAJAMARCA,CAJAMARCA,CAJAMARCA,379.11
140104,LAMBAYEQUE,CHICLAYO,ETEN PUERTO,13.169
130103,LA LIBERTAD,TRUJILLO,FLORENCIA DE MORA,2.584
130105,LA LIBERTAD,TRUJILLO,LA ESPERANZA,21.554
021803,ANCASH,SANTA,COISHCO,8.467
160804,LORETO,PUTUMAYO,YAGUAS,17961.263
160802,LORETO,PUTUMAYO,ROSA PANDURO,7170.236
010703,AMAZONAS,UTCUBAMBA,CUMBA,300.885
010701,AMAZONAS,UTCUBAMBA,BAGUA GRANDE,727.45
010702,AMAZONAS,UTCUBAMBA,CAJARURO,1798.795
010401,AMAZONAS,CONDORCANQUI,NIEVA,4182.378
010103,AMAZONAS,CHACHAPOYAS,BALSAS,316.905
010110,AMAZONAS,CHACHAPOYAS,LEIMEBAMBA,380.492
010113,AMAZONAS,CHACHAPOYAS,MARISCAL CASTILLA,78.826
010115,AMAZONAS,CHACHAPOYAS,MONTEVIDEO,122.963
010517,AMAZONAS,LUYA,SAN FRANCISCO DEL YESO,181.714
010521,AMAZONAS,LUYA,SANTO TOMAS,89.934
010503,AMAZONAS,LUYA,COCABAMBA,340.973
010602,AMAZONAS,RODRIGUEZ DE MENDOZA,CHIRIMOTO,153.743
010109,AMAZONAS,CHACHAPOYAS,LA JALCA,124.005
010608,AMAZONAS,RODRIGUEZ DE MENDOZA,MILPUC,42.942
010514,AMAZONAS,LUYA,PISUQUIA,290.7
010519,AMAZONAS,LUYA,SAN JUAN DE LOPECANCHA,86.292
010605,AMAZONAS,RODRIGUEZ DE MENDOZA,LIMABAMBA,614.496
010511,AMAZONAS,LUYA,MARIA,87.681
010604,AMAZONAS,RODRIGUEZ DE MENDOZA,HUAMBO,77.614
010112,AMAZONAS,CHACHAPOYAS,MAGDALENA,135.339
010507,AMAZONAS,LUYA,LONGUITA,58.649
010601,AMAZONAS,RODRIGUEZ DE MENDOZA,SAN NICOLAS,102.144
010522,AMAZONAS,LUYA,TINGO,108.977
010606,AMAZONAS,RODRIGUEZ DE MENDOZA,LONGAR,82.202
010119,AMAZONAS,CHACHAPOYAS,SAN ISIDRO DE MAINO,107.91
010611,AMAZONAS,RODRIGUEZ DE MENDOZA,TOTORA,19.446
010609,AMAZONAS,RODRIGUEZ DE MENDOZA,OMIA,225.084
010610,AMAZONAS,RODRIGUEZ DE MENDOZA,SANTA ROSA,20.219
010111,AMAZONAS,CHACHAPOYAS,LEVANTO,74.796
010603,AMAZONAS,RODRIGUEZ DE MENDOZA,COCHAMAL,180.702
010504,AMAZONAS,LUYA,COLCAMAR,107.584
010513,AMAZONAS,LUYA,OCUMAL,363.725
010515,AMAZONAS,LUYA,PROVIDENCIA,116.403
010120,AMAZONAS,CHACHAPOYAS,SOLOCO,74.73
010104,AMAZONAS,CHACHAPOYAS,CHETO,70.292
010506,AMAZONAS,LUYA,INGUILPATA,118.48
010118,AMAZONAS,CHACHAPOYAS,SAN FRANCISCO DE DAGUAS,40.382
010502,AMAZONAS,LUYA,CAMPORREDONDO,218.708
010607,AMAZONAS,RODRIGUEZ DE MENDOZA,MARISCAL BENAVIDES,202.473
010508,AMAZONAS,LUYA,LONYA CHICO,69.492
010101,AMAZONAS,CHACHAPOYAS,CHACHAPOYAS,153.132
010509,AMAZONAS,LUYA,LUYA,96.086
010523,AMAZONAS,LUYA,TRITA,12.934
010512,AMAZONAS,LUYA,OCALLI,171.875
010114,AMAZONAS,CHACHAPOYAS,MOLINOPAMPA,340.191
010121,AMAZONAS,CHACHAPOYAS,SONCHE,120.113
010108,AMAZONAS,CHACHAPOYAS,HUANCAS,46.207
010505,AMAZONAS,LUYA,CONILA,248.582
010501,AMAZONAS,LUYA,LAMUD,73.093
010117,AMAZONAS,CHACHAPOYAS,QUINJALCA,82.442
010516,AMAZONAS,LUYA,SAN CRISTOBAL,35.531
010107,AMAZONAS,CHACHAPOYAS,GRANADA,171.099
010311,AMAZONAS,BONGARA,VALERA,78.003
010105,AMAZONAS,CHACHAPOYAS,CHILIQUIN,141.58
010520,AMAZONAS,LUYA,SANTA CATALINA,164.652
010706,AMAZONAS,UTCUBAMBA,LONYA GRANDE,364.154
010510,AMAZONAS,LUYA,LUYA VIEJO,55.665
010612,AMAZONAS,RODRIGUEZ DE MENDOZA,VISTA ALEGRE,861.265
010303,AMAZONAS,BONGARA,CHURUJA,31.804
010518,AMAZONAS,LUYA,SAN JERONIMO,207.788
010309,AMAZONAS,BONGARA,SAN CARLOS,112.415
010102,AMAZONAS,CHACHAPOYAS,ASUNCION,34.851
010116,AMAZONAS,CHACHAPOYAS,OLLEROS,106.747
010307,AMAZONAS,BONGARA,JAZAN,75.736
010308,AMAZONAS,BONGARA,RECTA,28.043
010301,AMAZONAS,BONGARA,JUMBILLA,158.608
010305,AMAZONAS,BONGARA,CUISPES,96.427
010310,AMAZONAS,BONGARA,SHIPASBAMBA,125.327
010302,AMAZONAS,BONGARA,CHISQUILLA,161.771
010306,AMAZONAS,BONGARA,FLORIDA,221.992
010304,AMAZONAS,BONGARA,COROSHA,64.169
010312,AMAZONAS,BONGARA,YAMBRASBAMBA,1679.371
010707,AMAZONAS,UTCUBAMBA,YAMON,135.287
010705,AMAZONAS,UTCUBAMBA,JAMALCA,350.383
010203,AMAZONAS,BAGUA,COPALLIN,98.937
010704,AMAZONAS,UTCUBAMBA,EL MILAGRO,306.992
010204,AMAZONAS,BAGUA,EL PARCO,18.165
010201,AMAZONAS,BAGUA,BAGUA,132.969
010206,AMAZONAS,BAGUA,LA PECA,138.065
010202,AMAZONAS,BAGUA,ARAMANGO,818.939
010205,AMAZONAS,BAGUA,IMAZA,4584.997
010402,AMAZONAS,CONDORCANQUI,EL CENEPA,5608.925
010403,AMAZONAS,CONDORCANQUI,RIO SANTIAGO,8074.562
160502,LORETO,REQUENA,ALTO TAPICHE,9067.485
160503,LORETO,REQUENA,CAPELO,801.065
160504,LORETO,REQUENA,EMILIO SAN MARTIN,4641.003
160505,LORETO,REQUENA,MAQUIA,4895.373
160506,LORETO,REQUENA,PUINAHUA,6285.811
160507,LORETO,REQUENA,SAQUENA,2595.538
160508,LORETO,REQUENA,SOPLIN,4697.861
160101,LORETO,MAYNAS,IQUITOS,366.934
160102,LORETO,MAYNAS,ALTO NANAY,14562.992
160103,LORETO,MAYNAS,FERNANDO LORES,4567.906
160104,LORETO,MAYNAS,INDIANA,3365.543
160105,LORETO,MAYNAS,LAS AMAZONAS,6719.587
160106,LORETO,MAYNAS,MAZAN,10053.609
160107,LORETO,MAYNAS,NAPO,24171.438
160202,LORETO,ALTO AMAZONAS,BALSAPUERTO,3003.818
160205,LORETO,ALTO AMAZONAS,JEBEROS,4346.5
160206,LORETO,ALTO AMAZONAS,LAGUNAS,6059.438
160210,LORETO,ALTO AMAZONAS,SANTA CRUZ,2271.423
160211,LORETO,ALTO AMAZONAS,TENIENTE CESAR LOPEZ ROJAS,1320.551
160301,LORETO,LORETO,NAUTA,6761.71
160302,LORETO,LORETO,PARINARI,13222.309
160303,LORETO,LORETO,TIGRE,20128.155
160304,LORETO,LORETO,TROMPETEROS,12572.351
160305,LORETO,LORETO,URARINAS,15776.709
160401,LORETO,MARISCAL RAMON CASTILLA,RAMON CASTILLA,6858.334
160402,LORETO,MARISCAL RAMON CASTILLA,PEBAS,11231.637
160403,LORETO,MARISCAL RAMON CASTILLA,YAVARI,14339.777
160404,LORETO,MARISCAL RAMON CASTILLA,SAN PABLO,5082.282
160501,LORETO,REQUENA,REQUENA,3074.26
160509,LORETO,REQUENA,TAPICHE,2091.15
160510,LORETO,REQUENA,JENARO HERRERA,1160.41
160511,LORETO,REQUENA,YAQUERANA,11048.745
160605,LORETO,UCAYALI,SARAYACU,6249.308
160606,LORETO,UCAYALI,VARGAS GUERRA,1898.246
160701,LORETO,DATEM DEL MARAÑON,BARRANCA,7386.469
160702,LORETO,DATEM DEL MARAÑON,CAHUAPANAS,4784.472
160703,LORETO,DATEM DEL MARAÑON,MANSERICHE,3565.978
160704,LORETO,DATEM DEL MARAÑON,MORONA,11033.638
160705,LORETO,DATEM DEL MARAÑON,PASTAZA,9099.725
160108,LORETO,MAYNAS,PUNCHANA,1602.952
160801,LORETO,PUTUMAYO,PUTUMAYO,11069.966
160110,LORETO,MAYNAS,TORRES CAUSANA,6923.457
160112,LORETO,MAYNAS,BELEN,652.909
160113,LORETO,MAYNAS,SAN JUAN BAUTISTA,3200.683
160803,LORETO,PUTUMAYO,TENIENTE MANUEL CLAVERO,9622.347
160201,LORETO,ALTO AMAZONAS,YURIMAGUAS,2235.501
160706,LORETO,DATEM DEL MARAÑON,ANDOAS,11787.627
220603,SAN MARTIN,MARISCAL CACERES,HUICUNGO,9741.61
220604,SAN MARTIN,MARISCAL CACERES,PACHIZA,1800.483
220401,SAN MARTIN,HUALLAGA,SAPOSOA,525.407
220912,SAN MARTIN,SAN MARTIN,SAN ANTONIO,78.304
220103,SAN MARTIN,MOYOBAMBA,HABANA,68.791
220705,SAN MARTIN,PICOTA,PUCACACA,202.952
220205,SAN MARTIN,BELLAVISTA,SAN PABLO,348.008
220704,SAN MARTIN,PICOTA,PILLUANA,68.37
220710,SAN MARTIN,PICOTA,TRES UNIDOS,370.521
220304,SAN MARTIN,EL DORADO,SANTA ROSA,249.22
220702,SAN MARTIN,PICOTA,BUENOS AIRES,311.243
220913,SAN MARTIN,SAN MARTIN,SAUCE,100.832
220902,SAN MARTIN,SAN MARTIN,ALBERTO LEVEAU,51.789
220302,SAN MARTIN,EL DORADO,AGUA BLANCA,152.639
220301,SAN MARTIN,EL DORADO,SAN JOSE DE SISA,308.479
220908,SAN MARTIN,SAN MARTIN,JUAN GUERRA,192.166
220511,SAN MARTIN,LAMAS,ZAPATERO,174.417
220305,SAN MARTIN,EL DORADO,SHATOJA,62.016
220914,SAN MARTIN,SAN MARTIN,SHAPAJA,237.752
220505,SAN MARTIN,LAMAS,CUÑUMBUQUI,182.075
220904,SAN MARTIN,SAN MARTIN,CHAZUTA,952.245
220402,SAN MARTIN,HUALLAGA,ALTO SAPOSOA,1378.177
220909,SAN MARTIN,SAN MARTIN,LA BANDA DE SHILCAYO,266.633
220910,SAN MARTIN,SAN MARTIN,MORALES,50.681
220303,SAN MARTIN,EL DORADO,SAN MARTIN,520.608
220901,SAN MARTIN,SAN MARTIN,TARAPOTO,58.469
220903,SAN MARTIN,SAN MARTIN,CACATACHI,52.449
220501,SAN MARTIN,LAMAS,LAMAS,129.433
220507,SAN MARTIN,LAMAS,RUMISAPA,33.249
220509,SAN MARTIN,LAMAS,SHANAO,24.349
220907,SAN MARTIN,SAN MARTIN,HUIMBAYOC,1714.058
220510,SAN MARTIN,LAMAS,TABALOSOS,361.951
220502,SAN MARTIN,LAMAS,ALONSO DE ALVARADO,296.242
220905,SAN MARTIN,SAN MARTIN,CHIPURANA,306.267
220504,SAN MARTIN,LAMAS,CAYNARACHI,1271.689
220911,SAN MARTIN,SAN MARTIN,PAPAPLAYA,990.63
220503,SAN MARTIN,LAMAS,BARRANQUITA,1057.466
220105,SAN MARTIN,MOYOBAMBA,SORITOR,583.413
220506,SAN MARTIN,LAMAS,PINTO RECODO,559.706
220906,SAN MARTIN,SAN MARTIN,EL PORVENIR,489.591
220808,SAN MARTIN,RIOJA,YORONGOS,81.756
220104,SAN MARTIN,MOYOBAMBA,JEPELACIO,386.073
220508,SAN MARTIN,LAMAS,SAN ROQUE DE CUMBAZA,652.195
220801,SAN MARTIN,RIOJA,RIOJA,208.941
220101,SAN MARTIN,MOYOBAMBA,MOYOBAMBA,2697.322
220102,SAN MARTIN,MOYOBAMBA,CALZADA,115.874
220803,SAN MARTIN,RIOJA,ELIAS SOPLIN VARGAS,169.329
220804,SAN MARTIN,RIOJA,NUEVA CAJAMARCA,334.004
220806,SAN MARTIN,RIOJA,POSIC,52.562
220106,SAN MARTIN,MOYOBAMBA,YANTALO,69.617
220809,SAN MARTIN,RIOJA,YURACYACU,62.058
220807,SAN MARTIN,RIOJA,SAN FERNANDO,69.118
220802,SAN MARTIN,RIOJA,AWAJUN,506.382
220805,SAN MARTIN,RIOJA,PARDO MIGUEL,1165.497
060808,CAJAMARCA,JAEN,PUCARA,221.079
060602,CAJAMARCA,CUTERVO,CALLAYUC,307.81
060604,CAJAMARCA,CUTERVO,CUJILLO,100.26
060606,CAJAMARCA,CUTERVO,PIMPINGOS,169.139
060608,CAJAMARCA,CUTERVO,SAN ANDRES DE CUTERVO,124.473
060609,CAJAMARCA,CUTERVO,SAN JUAN DE CUTERVO,70.117
060610,CAJAMARCA,CUTERVO,SAN LUIS DE LUCMA,71.162
060612,CAJAMARCA,CUTERVO,SANTO DOMINGO DE LA CAPILLA,104.584
060613,CAJAMARCA,CUTERVO,SANTO TOMAS,229.355
060614,CAJAMARCA,CUTERVO,SOCOTA,154.743
060302,CAJAMARCA,CELENDIN,CHUMUCH,204.821
060303,CAJAMARCA,CELENDIN,CORTEGANA,251.667
060402,CAJAMARCA,CHOTA,ANGUIA,151.602
060404,CAJAMARCA,CHOTA,CHIGUIRIP,48.132
060405,CAJAMARCA,CHOTA,CHIMBAN,144.733
060407,CAJAMARCA,CHOTA,COCHABAMBA,117.52
060410,CAJAMARCA,CHOTA,LAJAS,120.447
060414,CAJAMARCA,CHOTA,PION,139.041
060418,CAJAMARCA,CHOTA,TOCMOCHE,216.704
061104,CAJAMARCA,SAN MIGUEL,CATILLUC,202.052
061301,CAJAMARCA,SANTA CRUZ,SANTA CRUZ,104.687
061302,CAJAMARCA,SANTA CRUZ,ANDABAMBA,8.532
060901,CAJAMARCA,SAN IGNACIO,SAN IGNACIO,356.126
060902,CAJAMARCA,SAN IGNACIO,CHIRINOS,355.766
060903,CAJAMARCA,SAN IGNACIO,HUARANGO,903.223
060904,CAJAMARCA,SAN IGNACIO,LA COIPA,404.531
060905,CAJAMARCA,SAN IGNACIO,NAMBALLE,632.813
060906,CAJAMARCA,SAN IGNACIO,SAN JOSE DE LOURDES,1359.755
060802,CAJAMARCA,JAEN,BELLAVISTA,866.482
060811,CAJAMARCA,JAEN,SAN JOSE DEL ALTO,504.08
060803,CAJAMARCA,JAEN,CHONTALI,462.253
060809,CAJAMARCA,JAEN,SALLIQUE,365.962
060801,CAJAMARCA,JAEN,JAEN,555.952
060807,CAJAMARCA,JAEN,POMAHUACA,812.364
060804,CAJAMARCA,JAEN,COLASAY,602.098
060805,CAJAMARCA,JAEN,HUABAL,84.821
060603,CAJAMARCA,CUTERVO,CHOROS,259.757
060615,CAJAMARCA,CUTERVO,TORIBIO CASANOVA,129.244
240101,TUMBES,TUMBES,TUMBES,151.511
240102,TUMBES,TUMBES,CORRALES,128.305
240103,TUMBES,TUMBES,LA CRUZ,64.499
240104,TUMBES,TUMBES,PAMPAS DE HOSPITAL,725.722
240105,TUMBES,TUMBES,SAN JACINTO,585.802
240106,TUMBES,TUMBES,SAN JUAN DE LA VIRGEN,115.102
240201,TUMBES,CONTRALMIRANTE VILLAR,ZORRITOS,647.636
240202,TUMBES,CONTRALMIRANTE VILLAR,CASITAS,855.608
240203,TUMBES,CONTRALMIRANTE VILLAR,CANOAS DE PUNTA SAL,625.244
240301,TUMBES,ZARUMILLA,ZARUMILLA,112.519
240302,TUMBES,ZARUMILLA,AGUAS VERDES,47.417
240303,TUMBES,ZARUMILLA,MATAPALO,390.046
240304,TUMBES,ZARUMILLA,PAPAYAL,202.433
060301,CAJAMARCA,CELENDIN,CELENDIN,404.759
060304,CAJAMARCA,CELENDIN,HUASMIN,445.461
060601,CAJAMARCA,CUTERVO,CUTERVO,430.761
060607,CAJAMARCA,CUTERVO,QUEROCOTILLO,686.801
060611,CAJAMARCA,CUTERVO,SANTA CRUZ,129.522
060701,CAJAMARCA,HUALGAYOC,BAMBAMARCA,453.17
060703,CAJAMARCA,HUALGAYOC,HUALGAYOC,228.798
060307,CAJAMARCA,CELENDIN,MIGUEL IGLESIAS,262.612
060312,CAJAMARCA,CELENDIN,LA LIBERTAD DE PALLAN,169.505
060401,CAJAMARCA,CHOTA,CHOTA,266.735
060403,CAJAMARCA,CHOTA,CHADIN,64.777
060406,CAJAMARCA,CHOTA,CHOROPAMPA,207.393
060408,CAJAMARCA,CHOTA,CONCHAN,152.871
060409,CAJAMARCA,CHOTA,HUAMBOS,244.555
060411,CAJAMARCA,CHOTA,LLAMA,490.681
060412,CAJAMARCA,CHOTA,MIRACOSTA,421.607
060413,CAJAMARCA,CHOTA,PACCHA,98.327
060415,CAJAMARCA,CHOTA,QUEROCOTO,298.399
060416,CAJAMARCA,CHOTA,SAN JUAN DE LICUPIS,199.926
060417,CAJAMARCA,CHOTA,TACABAMBA,194.253
060419,CAJAMARCA,CHOTA,CHALAMARCA,177.083
061112,CAJAMARCA,SAN MIGUEL,TONGOD,161.074
061303,CAJAMARCA,SANTA CRUZ,CATACHE,563.972
061304,CAJAMARCA,SANTA CRUZ,CHANCAYBAÑOS,128.652
061305,CAJAMARCA,SANTA CRUZ,LA ESPERANZA,59.892
061306,CAJAMARCA,SANTA CRUZ,NINABAMBA,57.717
061307,CAJAMARCA,SANTA CRUZ,PULAN,158.125
061308,CAJAMARCA,SANTA CRUZ,SAUCEPAMPA,31.715
061309,CAJAMARCA,SANTA CRUZ,SEXI,190.268
061310,CAJAMARCA,SANTA CRUZ,UTICYACU,43.471
061311,CAJAMARCA,SANTA CRUZ,YAUYUCAN,33.831
060907,CAJAMARCA,SAN IGNACIO,TABACONAS,772.606
060812,CAJAMARCA,JAEN,SANTA ROSA,267.982
060810,CAJAMARCA,JAEN,SAN FELIPE,256.118
060806,CAJAMARCA,JAEN,LAS PIRIAS,65.29
140105,LAMBAYEQUE,CHICLAYO,JOSE LEONARDO ORTIZ,29.89
140202,LAMBAYEQUE,FERREÑAFE,CAÑARIS,288.785
140203,LAMBAYEQUE,FERREÑAFE,INCAHUASI,435.198
140101,LAMBAYEQUE,CHICLAYO,CHICLAYO,51.369
140102,LAMBAYEQUE,CHICLAYO,CHONGOYAPE,721.277
140110,LAMBAYEQUE,CHICLAYO,OYOTUN,486.676
140111,LAMBAYEQUE,CHICLAYO,PICSI,52.274
140112,LAMBAYEQUE,CHICLAYO,PIMENTEL,61.612
140117,LAMBAYEQUE,CHICLAYO,PATAPO,184.057
140118,LAMBAYEQUE,CHICLAYO,POMALCA,76.626
140119,LAMBAYEQUE,CHICLAYO,PUCALA,175.002
140120,LAMBAYEQUE,CHICLAYO,TUMAN,125.682
140201,LAMBAYEQUE,FERREÑAFE,FERREÑAFE,60.289
140204,LAMBAYEQUE,FERREÑAFE,MANUEL ANTONIO MESONES MURO,209.395
140205,LAMBAYEQUE,FERREÑAFE,PITIPO,549.921
140206,LAMBAYEQUE,FERREÑAFE,PUEBLO NUEVO,31.056
140301,LAMBAYEQUE,LAMBAYEQUE,LAMBAYEQUE,325.548
140302,LAMBAYEQUE,LAMBAYEQUE,CHOCHOPE,77.308
140304,LAMBAYEQUE,LAMBAYEQUE,JAYANCA,687.373
140305,LAMBAYEQUE,LAMBAYEQUE,MOCHUMI,102.673
140306,LAMBAYEQUE,LAMBAYEQUE,MORROPE,1053.784
140307,LAMBAYEQUE,LAMBAYEQUE,MOTUPE,555.85
140308,LAMBAYEQUE,LAMBAYEQUE,OLMOS,5569.317
140303,LAMBAYEQUE,LAMBAYEQUE,ILLIMO,24.036
140309,LAMBAYEQUE,LAMBAYEQUE,PACORA,88.731
140310,LAMBAYEQUE,LAMBAYEQUE,SALAS,1003.202
140311,LAMBAYEQUE,LAMBAYEQUE,SAN JOSE,45.532
140312,LAMBAYEQUE,LAMBAYEQUE,TUCUME,63.405
060702,CAJAMARCA,HUALGAYOC,CHUGUR,105.677
200605,PIURA,SULLANA,MARCAVELICA,1646.899
200608,PIURA,SULLANA,SALITRAL,31.256
200507,PIURA,PAITA,VICHAYAL,157.679
200502,PIURA,PAITA,AMOTAPE,63.873
200304,PIURA,HUANCABAMBA,HUARMACA,1938.555
200801,PIURA,SECHURA,SECHURA,5727.819
200804,PIURA,SECHURA,CRISTO NOS VALGA,262.982
200806,PIURA,SECHURA,RINCONADA LLICUAR,19.861
200803,PIURA,SECHURA,BERNAL,71.165
200802,PIURA,SECHURA,BELLAVISTA DE LA UNION,13.766
200108,PIURA,PIURA,EL TALLAN,100.156
200306,PIURA,HUANCABAMBA,SAN MIGUEL DE EL FAIQUE,207.444
200302,PIURA,HUANCABAMBA,CANCHAQUE,311.514
200308,PIURA,HUANCABAMBA,SONDORILLO,228.745
200109,PIURA,PIURA,LA ARENA,169.856
200406,PIURA,MORROPON,SALITRAL,608.613
200107,PIURA,PIURA,CURA MORI,215.642
200805,PIURA,SECHURA,VICE,258.921
200307,PIURA,HUANCABAMBA,SONDOR,343.017
200407,PIURA,MORROPON,SAN JUAN DE BIGOTE,250.379
200110,PIURA,PIURA,LA UNION,318.302
200301,PIURA,HUANCABAMBA,HUANCABAMBA,443.587
200402,PIURA,MORROPON,BUENOS AIRES,247.554
200305,PIURA,HUANCABAMBA,LALAQUIZ,145.878
200405,PIURA,MORROPON,MORROPON,172.173
200410,PIURA,MORROPON,YAMANGO,218.515
200404,PIURA,MORROPON,LA MATANZA,1034.918
200105,PIURA,PIURA,CATACAOS,2268.343
200101,PIURA,PIURA,PIURA,194.56
200303,PIURA,HUANCABAMBA,EL CARMEN DE LA FRONTERA,656.483
200408,PIURA,MORROPON,SANTA CATALINA DE MOSSA,80.399
200409,PIURA,MORROPON,SANTO DOMINGO,189.578
200206,PIURA,AYABACA,PACAIPAMPA,962.797
200403,PIURA,MORROPON,CHALACO,149.068
200401,PIURA,MORROPON,CHULUCANAS,835.287
200104,PIURA,PIURA,CASTILLA,651.337
200501,PIURA,PAITA,PAITA,700.607
200202,PIURA,AYABACA,FRIAS,559.904
200606,PIURA,SULLANA,MIGUEL CHECA,476.377
200601,PIURA,SULLANA,SULLANA,525.25
200503,PIURA,PAITA,ARENAL,8.291
200505,PIURA,PAITA,LA HUACA,574.889
200114,PIURA,PIURA,TAMBO GRANDE,1484.414
200504,PIURA,PAITA,COLAN,122.421
200506,PIURA,PAITA,TAMARINDO,64.803
200208,PIURA,AYABACA,SAPILLICA,275.281
200603,PIURA,SULLANA,IGNACIO ESCUDERO,187.835
200204,PIURA,AYABACA,LAGUNAS,189.37
200607,PIURA,SULLANA,QUERECOTILLO,277.055
200207,PIURA,AYABACA,PAIMAS,323.042
200205,PIURA,AYABACA,MONTERO,131.167
200111,PIURA,PIURA,LAS LOMAS,552.653
200201,PIURA,AYABACA,AYABACA,1563.477
200703,PIURA,TALARA,LA BREA,824.189
200203,PIURA,AYABACA,JILILI,97.107
200209,PIURA,AYABACA,SICCHEZ,34.135
200604,PIURA,SULLANA,LANCONES,2135.42
200210,PIURA,AYABACA,SUYO,1069.606
200701,PIURA,TALARA,PARIÑAS,1119.039
200704,PIURA,TALARA,LOBITOS,237.435
200705,PIURA,TALARA,LOS ORGANOS,163.509
200706,PIURA,TALARA,MANCORA,98.657
200602,PIURA,SULLANA,BELLAVISTA,2.16
200702,PIURA,TALARA,EL ALTO,479.843
200115,PIURA,PIURA,VEINTISEIS DE OCTUBRE,71.429
230111,TACNA,TACNA,LA YARADA LOS PALOS,541.697
030610,APURIMAC,CHINCHEROS,EL PORVENIR,59.73
080913,CUSCO,LA CONVENCION,VILLA KINTIARINA,198.808
050412,AYACUCHO,HUANTA,CHACA,106.013
090721,HUANCAVELICA,TAYACAJA,ROBLE,184.474
120609,JUNIN,SATIPO,VIZCATAN DEL ENE,607.614
030609,APURIMAC,CHINCHEROS,ROCCHACC,55.409
090722,HUANCAVELICA,TAYACAJA,PICHOS,143.478
100113,HUANUCO,HUANUCO,SAN PABLO DE PILLAO,593.03
100607,HUANUCO,LEONCIO PRADO,PUCAYACU,762.108
100704,HUANUCO,MARAÑON,LA MORADA,906.451
100705,HUANUCO,MARAÑON,SANTA ROSA DE ALTO YANAJANCA,1042.676
100608,HUANUCO,LEONCIO PRADO,CASTILLO GRANDE,104.362
060605,CAJAMARCA,CUTERVO,LA RAMADA,63.814
080902,CUSCO,LA CONVENCION,ECHARATE,10575.404
250202,UCAYALI,ATALAYA,SEPAHUA,7732.024
170301,MADRE DE DIOS,TAHUAMANU,IÑAPARI,13817.729
050505,AYACUCHO,LA MAR,CHUNGUI,518.563
030611,APURIMAC,CHINCHEROS,LOS CHANKAS,144.6
090723,HUANCAVELICA,TAYACAJA,SANTIAGO DE TUCUMA,34.025
100609,HUANUCO,LEONCIO PRADO,PUEBLO NUEVO,320.285
100610,HUANUCO,LEONCIO PRADO,SANTO DOMINGO DE ANDA,280.755
100603,HUANUCO,LEONCIO PRADO,HERMILIO VALDIZAN,121.954
150101,LIMA,LIMA,LIMA,21.585
211105,PUNO,SAN ROMAN,SAN MIGUEL,120.784
120604,JUNIN,SATIPO,MAZAMARI,1258.87
