pcode,Departament,Province,Districtis,total de benificiados 
010101,AMAZONAS,CHACHAPOYAS,CHACHAPOYAS,5431
010102,AMAZONAS,CHACHAPOYAS,ASUNCION,115
010103,AMAZONAS,CHACHAPOYAS,BALSAS,500
010104,AMAZONAS,CHACHAPOYAS,CHETO,251
010105,AMAZONAS,CHACHAPOYAS,CHILIQUIN,254
010106,AMAZONAS,CHACHAPOYAS,CHUQUIBAMBA,1020
010107,AMAZONAS,CHACHAPOYAS,GRANADA,157
010108,AMAZONAS,CHACHAPOYAS,HUANCAS,109
010109,AMAZONAS,CHACHAPOYAS,LA JALCA,2925
010110,AMAZONAS,CHACHAPOYAS,LEIMEBAMBA,1374
010111,AMAZONAS,CHACHAPOYAS,LEVANTO,280
010112,AMAZONAS,CHACHAPOYAS,MAGDALENA,344
010113,AMAZONAS,CHACHAPOYAS,MARISCAL CASTILLA,300
010114,AMAZONAS,CHACHAPOYAS,MOLINOPAMPA,885
010115,AMAZONAS,CHACHAPOYAS,MONTEVIDEO,191
010116,AMAZONAS,CHACHAPOYAS,OLLEROS,136
010117,AMAZONAS,CHACHAPOYAS,QUINJALCA,561
010118,AMAZONAS,CHACHAPOYAS,SAN FRANCISCO DE DAGUAS,51
010119,AMAZONAS,CHACHAPOYAS,SAN ISIDRO DE MAINO,244
010120,AMAZONAS,CHACHAPOYAS,SOLOCO,1002
010121,AMAZONAS,CHACHAPOYAS,SONCHE,83
010201,AMAZONAS,BAGUA,BAGUA,5139
010202,AMAZONAS,BAGUA,ARAMANGO,7513
010203,AMAZONAS,BAGUA,COPALLIN,2185
010204,AMAZONAS,BAGUA,EL PARCO,509
010205,AMAZONAS,BAGUA,IMAZA,28785
010206,AMAZONAS,BAGUA,LA PECA,4339
010301,AMAZONAS,BONGARA,JUMBILLA,459
010302,AMAZONAS,BONGARA,CHISQUILLA,127
010303,AMAZONAS,BONGARA,CHURUJA,95
010304,AMAZONAS,BONGARA,COROSHA,429
010305,AMAZONAS,BONGARA,CUISPES,247
010306,AMAZONAS,BONGARA,FLORIDA,1877
010307,AMAZONAS,BONGARA,JAZAN,2469
010308,AMAZONAS,BONGARA,RECTA,70
010309,AMAZONAS,BONGARA,SAN CARLOS,55
010310,AMAZONAS,BONGARA,SHIPASBAMBA,654
010311,AMAZONAS,BONGARA,VALERA,249
010312,AMAZONAS,BONGARA,YAMBRASBAMBA,2561
010401,AMAZONAS,CONDORCANQUI,NIEVA,23141
010402,AMAZONAS,CONDORCANQUI,EL CENEPA,12107
010403,AMAZONAS,CONDORCANQUI,RIO SANTIAGO,15200
010501,AMAZONAS,LUYA,LAMUD,735
010502,AMAZONAS,LUYA,CAMPORREDONDO,2848
010503,AMAZONAS,LUYA,COCABAMBA,1178
010504,AMAZONAS,LUYA,COLCAMAR,990
010505,AMAZONAS,LUYA,CONILA,915
010506,AMAZONAS,LUYA,INGUILPATA,185
010507,AMAZONAS,LUYA,LONGUITA,500
010508,AMAZONAS,LUYA,LONYA CHICO,359
010509,AMAZONAS,LUYA,LUYA,1417
010510,AMAZONAS,LUYA,LUYA VIEJO,195
010511,AMAZONAS,LUYA,MARIA,309
010512,AMAZONAS,LUYA,OCALLI,1290
010513,AMAZONAS,LUYA,OCUMAL,1751
010514,AMAZONAS,LUYA,PISUQUIA,5167
010515,AMAZONAS,LUYA,PROVIDENCIA,927
010516,AMAZONAS,LUYA,SAN CRISTOBAL,1080
010517,AMAZONAS,LUYA,SAN FRANCISCO DEL YESO,242
010518,AMAZONAS,LUYA,SAN JERONIMO,1176
010519,AMAZONAS,LUYA,SAN JUAN DE LOPECANCHA,194
010520,AMAZONAS,LUYA,SANTA CATALINA,2763
010521,AMAZONAS,LUYA,SANTO TOMAS,1681
010522,AMAZONAS,LUYA,TINGO,406
010523,AMAZONAS,LUYA,TRITA,781
010601,AMAZONAS,RODRIGUEZ DE MENDOZA,SAN NICOLAS,1253
010602,AMAZONAS,RODRIGUEZ DE MENDOZA,CHIRIMOTO,809
010603,AMAZONAS,RODRIGUEZ DE MENDOZA,COCHAMAL,282
010604,AMAZONAS,RODRIGUEZ DE MENDOZA,HUAMBO,501
010605,AMAZONAS,RODRIGUEZ DE MENDOZA,LIMABAMBA,633
010606,AMAZONAS,RODRIGUEZ DE MENDOZA,LONGAR,431
010607,AMAZONAS,RODRIGUEZ DE MENDOZA,MARISCAL BENAVIDES,458
010608,AMAZONAS,RODRIGUEZ DE MENDOZA,MILPUC,120
010609,AMAZONAS,RODRIGUEZ DE MENDOZA,OMIA,4981
010610,AMAZONAS,RODRIGUEZ DE MENDOZA,SANTA ROSA,230
010611,AMAZONAS,RODRIGUEZ DE MENDOZA,TOTORA,53
010612,AMAZONAS,RODRIGUEZ DE MENDOZA,VISTA ALEGRE,1284
010701,AMAZONAS,UTCUBAMBA,BAGUA GRANDE,17848
010702,AMAZONAS,UTCUBAMBA,CAJARURO,16141
010703,AMAZONAS,UTCUBAMBA,CUMBA,4458
010704,AMAZONAS,UTCUBAMBA,EL MILAGRO,1724
010705,AMAZONAS,UTCUBAMBA,JAMALCA,4982
010706,AMAZONAS,UTCUBAMBA,LONYA GRANDE,4408
010707,AMAZONAS,UTCUBAMBA,YAMON,1239
020101,ANCASH,HUARAZ,HUARAZ,9512
020102,ANCASH,HUARAZ,COCHABAMBA,1039
020103,ANCASH,HUARAZ,COLCABAMBA,37
020104,ANCASH,HUARAZ,HUANCHAY,737
020105,ANCASH,HUARAZ,INDEPENDENCIA,10235
020106,ANCASH,HUARAZ,JANGAS,865
020107,ANCASH,HUARAZ,LA LIBERTAD,584
020108,ANCASH,HUARAZ,OLLEROS,615
020109,ANCASH,HUARAZ,PAMPAS,285
020110,ANCASH,HUARAZ,PARIACOTO,3887
020111,ANCASH,HUARAZ,PIRA,1643
020112,ANCASH,HUARAZ,TARICA,1341
020201,ANCASH,AIJA,AIJA,712
020202,ANCASH,AIJA,CORIS,1140
020203,ANCASH,AIJA,HUACLLAN,157
020204,ANCASH,AIJA,LA MERCED,765
020205,ANCASH,AIJA,SUCCHA,281
020301,ANCASH,ANTONIO RAYMONDI,LLAMELLIN,1312
020302,ANCASH,ANTONIO RAYMONDI,ACZO,1023
020303,ANCASH,ANTONIO RAYMONDI,CHACCHO,984
020304,ANCASH,ANTONIO RAYMONDI,CHINGAS,1029
020305,ANCASH,ANTONIO RAYMONDI,MIRGAS,3227
020306,ANCASH,ANTONIO RAYMONDI,SAN JUAN DE RONTOY,1377
020401,ANCASH,ASUNCION,CHACAS,1245
020402,ANCASH,ASUNCION,ACOCHACA,1557
020501,ANCASH,BOLOGNESI,CHIQUIAN,878
020502,ANCASH,BOLOGNESI,ABELARDO PARDO LEZAMETA,201
020503,ANCASH,BOLOGNESI,ANTONIO RAYMONDI,415
020504,ANCASH,BOLOGNESI,AQUIA,449
020505,ANCASH,BOLOGNESI,CAJACAY,333
020506,ANCASH,BOLOGNESI,CANIS,60
020507,ANCASH,BOLOGNESI,COLQUIOC,363
020508,ANCASH,BOLOGNESI,HUALLANCA,1448
020509,ANCASH,BOLOGNESI,HUASTA,387
020510,ANCASH,BOLOGNESI,HUAYLLACAYAN,409
020511,ANCASH,BOLOGNESI,LA PRIMAVERA,130
020512,ANCASH,BOLOGNESI,MANGAS,202
020513,ANCASH,BOLOGNESI,PACLLON,372
020514,ANCASH,BOLOGNESI,SAN MIGUEL DE CORPANQUI,91
020515,ANCASH,BOLOGNESI,TICLLOS,440
020601,ANCASH,CARHUAZ,CARHUAZ,3341
020602,ANCASH,CARHUAZ,ACOPAMPA,530
020603,ANCASH,CARHUAZ,AMASHCA,508
020604,ANCASH,CARHUAZ,ANTA,991
020605,ANCASH,CARHUAZ,ATAQUERO,725
020606,ANCASH,CARHUAZ,MARCARA,5458
020607,ANCASH,CARHUAZ,PARIAHUANCA,695
020608,ANCASH,CARHUAZ,SAN MIGUEL DE ACO,2869
020609,ANCASH,CARHUAZ,SHILLA,1187
020610,ANCASH,CARHUAZ,TINCO,763
020611,ANCASH,CARHUAZ,YUNGAR,1235
020701,ANCASH,CARLOS FERMIN FITZCARRALD,SAN LUIS,6898
020702,ANCASH,CARLOS FERMIN FITZCARRALD,SAN NICOLAS,1854
020703,ANCASH,CARLOS FERMIN FITZCARRALD,YAUYA,2672
020801,ANCASH,CASMA,CASMA,5962
020802,ANCASH,CASMA,BUENA VISTA ALTA,1497
020803,ANCASH,CASMA,COMANDANTE NOEL,275
020804,ANCASH,CASMA,YAUTAN,2822
020901,ANCASH,CORONGO,CORONGO,649
020902,ANCASH,CORONGO,ACO,647
020903,ANCASH,CORONGO,BAMBAS,213
020904,ANCASH,CORONGO,CUSCA,1803
020905,ANCASH,CORONGO,LA PAMPA,362
020906,ANCASH,CORONGO,YANAC,279
020907,ANCASH,CORONGO,YUPAN,87
021001,ANCASH,HUARI,HUARI,2313
021002,ANCASH,HUARI,ANRA,777
021003,ANCASH,HUARI,CAJAY,1521
021004,ANCASH,HUARI,CHAVIN DE HUANTAR,4304
021005,ANCASH,HUARI,HUACACHI,963
021006,ANCASH,HUARI,HUACCHIS,751
021007,ANCASH,HUARI,HUACHIS,1788
021008,ANCASH,HUARI,HUANTAR,1200
021009,ANCASH,HUARI,MASIN,765
021010,ANCASH,HUARI,PAUCAS,817
021011,ANCASH,HUARI,PONTO,1401
021012,ANCASH,HUARI,RAHUAPAMPA,264
021013,ANCASH,HUARI,RAPAYAN,739
021014,ANCASH,HUARI,SAN MARCOS,5420
021015,ANCASH,HUARI,SAN PEDRO DE CHANA,1349
021016,ANCASH,HUARI,UCO,355
021101,ANCASH,HUARMEY,HUARMEY,4158
021102,ANCASH,HUARMEY,COCHAPETI,1020
021103,ANCASH,HUARMEY,CULEBRAS,771
021104,ANCASH,HUARMEY,HUAYAN,388
021105,ANCASH,HUARMEY,MALVAS,1238
021201,ANCASH,HUAYLAS,CARAZ,5666
021202,ANCASH,HUAYLAS,HUALLANCA,286
021203,ANCASH,HUAYLAS,HUATA,637
021204,ANCASH,HUAYLAS,HUAYLAS,2195
021205,ANCASH,HUAYLAS,MATO,893
021206,ANCASH,HUAYLAS,PAMPAROMAS,6327
021207,ANCASH,HUAYLAS,PUEBLO LIBRE,3994
021208,ANCASH,HUAYLAS,SANTA CRUZ,4171
021209,ANCASH,HUAYLAS,SANTO TORIBIO,563
021210,ANCASH,HUAYLAS,YURACMARCA,1246
021301,ANCASH,MARISCAL LUZURIAGA,PISCOBAMBA,824
021302,ANCASH,MARISCAL LUZURIAGA,CASCA,2313
021303,ANCASH,MARISCAL LUZURIAGA,ELEAZAR GUZMAN BARRON,2979
021304,ANCASH,MARISCAL LUZURIAGA,FIDEL OLIVAS ESCUDERO,1194
021305,ANCASH,MARISCAL LUZURIAGA,LLAMA,929
021306,ANCASH,MARISCAL LUZURIAGA,LLUMPA,4121
021307,ANCASH,MARISCAL LUZURIAGA,LUCMA,1897
021308,ANCASH,MARISCAL LUZURIAGA,MUSGA,179
021401,ANCASH,OCROS,OCROS,366
021402,ANCASH,OCROS,ACAS,105
021403,ANCASH,OCROS,CAJAMARQUILLA,36
021404,ANCASH,OCROS,CARHUAPAMPA,92
021405,ANCASH,OCROS,COCHAS,410
021406,ANCASH,OCROS,CONGAS,233
021407,ANCASH,OCROS,LLIPA,46
021408,ANCASH,OCROS,SAN CRISTOBAL DE RAJAN,94
021409,ANCASH,OCROS,SAN PEDRO,175
021410,ANCASH,OCROS,SANTIAGO DE CHILCAS,190
021501,ANCASH,PALLASCA,CABANA,938
021502,ANCASH,PALLASCA,BOLOGNESI,235
021503,ANCASH,PALLASCA,CONCHUCOS,4632
021504,ANCASH,PALLASCA,HUACASCHUQUE,235
021505,ANCASH,PALLASCA,HUANDOVAL,232
021506,ANCASH,PALLASCA,LACABAMBA,235
021507,ANCASH,PALLASCA,LLAPO,243
021508,ANCASH,PALLASCA,PALLASCA,1272
021509,ANCASH,PALLASCA,PAMPAS,3716
021510,ANCASH,PALLASCA,SANTA ROSA,299
021511,ANCASH,PALLASCA,TAUCA,1217
021601,ANCASH,POMABAMBA,POMABAMBA,9103
021602,ANCASH,POMABAMBA,HUAYLLAN,2087
021603,ANCASH,POMABAMBA,PAROBAMBA,4150
021604,ANCASH,POMABAMBA,QUINUABAMBA,1561
021701,ANCASH,RECUAY,RECUAY,1943
021702,ANCASH,RECUAY,CATAC,1173
021703,ANCASH,RECUAY,COTAPARACO,110
021704,ANCASH,RECUAY,HUAYLLAPAMPA,391
021705,ANCASH,RECUAY,LLACLLIN,465
021706,ANCASH,RECUAY,MARCA,200
021707,ANCASH,RECUAY,PAMPAS CHICO,297
021708,ANCASH,RECUAY,PARARIN,1042
021709,ANCASH,RECUAY,TAPACOCHA,215
021710,ANCASH,RECUAY,TICAPAMPA,674
021801,ANCASH,SANTA,CHIMBOTE,22851
021802,ANCASH,SANTA,CACERES DEL PERU,1551
021803,ANCASH,SANTA,COISHCO,2007
021804,ANCASH,SANTA,MACATE,1351
021805,ANCASH,SANTA,MORO,1549
021806,ANCASH,SANTA,NEPEÑA,2739
021807,ANCASH,SANTA,SAMANCO,962
021808,ANCASH,SANTA,SANTA,6612
021809,ANCASH,SANTA,NUEVO CHIMBOTE,17864
021901,ANCASH,SIHUAS,SIHUAS,1618
021902,ANCASH,SIHUAS,ACOBAMBA,706
021903,ANCASH,SIHUAS,ALFONSO UGARTE,206
021904,ANCASH,SIHUAS,CASHAPAMPA,1101
021905,ANCASH,SIHUAS,CHINGALPO,475
021906,ANCASH,SIHUAS,HUAYLLABAMBA,1934
021907,ANCASH,SIHUAS,QUICHES,1264
021908,ANCASH,SIHUAS,RAGASH,1227
021909,ANCASH,SIHUAS,SAN JUAN,4716
021910,ANCASH,SIHUAS,SICSIBAMBA,827
022001,ANCASH,YUNGAY,YUNGAY,4896
022002,ANCASH,YUNGAY,CASCAPARA,1061
022003,ANCASH,YUNGAY,MANCOS,1336
022004,ANCASH,YUNGAY,MATACOTO,412
022005,ANCASH,YUNGAY,QUILLO,7256
022006,ANCASH,YUNGAY,RANRAHIRCA,916
022007,ANCASH,YUNGAY,SHUPLUY,962
022008,ANCASH,YUNGAY,YANAMA,4994
030101,APURIMAC,ABANCAY,ABANCAY,15714
030102,APURIMAC,ABANCAY,CHACOCHE,706
030103,APURIMAC,ABANCAY,CIRCA,1370
030104,APURIMAC,ABANCAY,CURAHUASI,7373
030105,APURIMAC,ABANCAY,HUANIPACA,2229
030106,APURIMAC,ABANCAY,LAMBRAMA,3177
030107,APURIMAC,ABANCAY,PICHIRHUA,1545
030108,APURIMAC,ABANCAY,SAN PEDRO DE CACHORA,1277
030109,APURIMAC,ABANCAY,TAMBURCO,1453
030201,APURIMAC,ANDAHUAYLAS,ANDAHUAYLAS,12057
030202,APURIMAC,ANDAHUAYLAS,ANDARAPA,3629
030203,APURIMAC,ANDAHUAYLAS,CHIARA,586
030204,APURIMAC,ANDAHUAYLAS,HUANCARAMA,2605
030205,APURIMAC,ANDAHUAYLAS,HUANCARAY,1920
030206,APURIMAC,ANDAHUAYLAS,HUAYANA,1216
030207,APURIMAC,ANDAHUAYLAS,KISHUARA,3915
030208,APURIMAC,ANDAHUAYLAS,PACOBAMBA,1741
030209,APURIMAC,ANDAHUAYLAS,PACUCHA,3798
030210,APURIMAC,ANDAHUAYLAS,PAMPACHIRI,1610
030211,APURIMAC,ANDAHUAYLAS,POMACOCHA,495
030212,APURIMAC,ANDAHUAYLAS,SAN ANTONIO DE CACHI,1861
030213,APURIMAC,ANDAHUAYLAS,SAN JERONIMO,8356
030214,APURIMAC,ANDAHUAYLAS,SAN MIGUEL DE CHACCRAMPA,1628
030215,APURIMAC,ANDAHUAYLAS,SANTA MARIA DE CHICMO,3960
030216,APURIMAC,ANDAHUAYLAS,TALAVERA,7433
030217,APURIMAC,ANDAHUAYLAS,TUMAY HUARACA,2031
030218,APURIMAC,ANDAHUAYLAS,TURPO,2133
030219,APURIMAC,ANDAHUAYLAS,KAQUIABAMBA,1020
030220,APURIMAC,ANDAHUAYLAS,JOSÉ MARÍA ARGUEDAS,3858
030301,APURIMAC,ANTABAMBA,ANTABAMBA,1878
030302,APURIMAC,ANTABAMBA,EL ORO,245
030303,APURIMAC,ANTABAMBA,HUAQUIRCA,986
030304,APURIMAC,ANTABAMBA,JUAN ESPINOZA MEDRANO,944
030305,APURIMAC,ANTABAMBA,OROPESA,1428
030306,APURIMAC,ANTABAMBA,PACHACONAS,530
030307,APURIMAC,ANTABAMBA,SABAINO,2555
030401,APURIMAC,AYMARAES,CHALHUANCA,1644
030402,APURIMAC,AYMARAES,CAPAYA,1085
030403,APURIMAC,AYMARAES,CARAYBAMBA,444
030404,APURIMAC,AYMARAES,CHAPIMARCA,2977
030405,APURIMAC,AYMARAES,COLCABAMBA,332
030406,APURIMAC,AYMARAES,COTARUSE,1169
030407,APURIMAC,AYMARAES,HUAYLLO,153
030408,APURIMAC,AYMARAES,JUSTO APU SAHUARAURA,335
030409,APURIMAC,AYMARAES,LUCRE,2556
030410,APURIMAC,AYMARAES,POCOHUANCA,1704
030411,APURIMAC,AYMARAES,SAN JUAN DE CHACÑA,396
030412,APURIMAC,AYMARAES,SAÑAYCA,1297
030413,APURIMAC,AYMARAES,SORAYA,569
030414,APURIMAC,AYMARAES,TAPAIRIHUA,1463
030415,APURIMAC,AYMARAES,TINTAY,1199
030416,APURIMAC,AYMARAES,TORAYA,671
030417,APURIMAC,AYMARAES,YANACA,864
030501,APURIMAC,COTABAMBAS,TAMBOBAMBA,7512
030502,APURIMAC,COTABAMBAS,COTABAMBAS,2781
030503,APURIMAC,COTABAMBAS,COYLLURQUI,6438
030504,APURIMAC,COTABAMBAS,HAQUIRA,5935
030505,APURIMAC,COTABAMBAS,MARA,4561
030506,APURIMAC,COTABAMBAS,CHALLHUAHUACHO,6386
030601,APURIMAC,CHINCHEROS,CHINCHEROS,3956
030602,APURIMAC,CHINCHEROS,ANCO_HUALLO,6146
030603,APURIMAC,CHINCHEROS,COCHARCAS,1131
030604,APURIMAC,CHINCHEROS,HUACCANA,4164
030605,APURIMAC,CHINCHEROS,OCOBAMBA,4268
030606,APURIMAC,CHINCHEROS,ONGOY,3088
030607,APURIMAC,CHINCHEROS,URANMARCA,1810
030608,APURIMAC,CHINCHEROS,RANRACANCHA,4170
030609,APURIMAC,CHINCHEROS,ROCCHACC,2908
030610,APURIMAC,CHINCHEROS,EL PORVENIR,986
030611,APURIMAC,CHINCHEROS,LOS CHANKAS,544
030701,APURIMAC,GRAU,CHUQUIBAMBILLA,2574
030702,APURIMAC,GRAU,CURPAHUASI,1588
030703,APURIMAC,GRAU,GAMARRA,2004
030704,APURIMAC,GRAU,HUAYLLATI,888
030705,APURIMAC,GRAU,MAMARA,452
030706,APURIMAC,GRAU,MICAELA BASTIDAS,2011
030707,APURIMAC,GRAU,PATAYPAMPA,486
030708,APURIMAC,GRAU,PROGRESO,2237
030709,APURIMAC,GRAU,SAN ANTONIO,119
030710,APURIMAC,GRAU,SANTA ROSA,260
030711,APURIMAC,GRAU,TURPAY,295
030712,APURIMAC,GRAU,VILCABAMBA,427
030713,APURIMAC,GRAU,VIRUNDO,319
030714,APURIMAC,GRAU,CURASCO,830
040101,AREQUIPA,AREQUIPA,AREQUIPA,4696
040102,AREQUIPA,AREQUIPA,ALTO SELVA ALEGRE,5545
040103,AREQUIPA,AREQUIPA,CAYMA,6500
040104,AREQUIPA,AREQUIPA,CERRO COLORADO,14768
040105,AREQUIPA,AREQUIPA,CHARACATO,722
040106,AREQUIPA,AREQUIPA,CHIGUATA,351
040107,AREQUIPA,AREQUIPA,JACOBO HUNTER,3728
040108,AREQUIPA,AREQUIPA,LA JOYA,4782
040109,AREQUIPA,AREQUIPA,MARIANO MELGAR,5435
040110,AREQUIPA,AREQUIPA,MIRAFLORES,3247
040111,AREQUIPA,AREQUIPA,MOLLEBAYA,326
040112,AREQUIPA,AREQUIPA,PAUCARPATA,11646
040113,AREQUIPA,AREQUIPA,POCSI,53
040114,AREQUIPA,AREQUIPA,POLOBAYA,147
040115,AREQUIPA,AREQUIPA,QUEQUEÑA,130
040116,AREQUIPA,AREQUIPA,SABANDIA,552
040117,AREQUIPA,AREQUIPA,SACHACA,1682
040118,AREQUIPA,AREQUIPA,SAN JUAN DE SIGUAS,169
040119,AREQUIPA,AREQUIPA,SAN JUAN DE TARUCANI,374
040120,AREQUIPA,AREQUIPA,SANTA ISABEL DE SIGUAS,107
040121,AREQUIPA,AREQUIPA,SANTA RITA DE SIGUAS,1216
040122,AREQUIPA,AREQUIPA,SOCABAYA,5857
040123,AREQUIPA,AREQUIPA,TIABAYA,2053
040124,AREQUIPA,AREQUIPA,UCHUMAYO,1080
040125,AREQUIPA,AREQUIPA,VITOR,398
040126,AREQUIPA,AREQUIPA,YANAHUARA,980
040127,AREQUIPA,AREQUIPA,YARABAMBA,328
040128,AREQUIPA,AREQUIPA,YURA,3930
040129,AREQUIPA,AREQUIPA,JOSE LUIS BUSTAMANTE Y RIVERO,3331
040201,AREQUIPA,CAMANA,CAMANA,2622
040202,AREQUIPA,CAMANA,JOSE MARIA QUIMPER,481
040203,AREQUIPA,CAMANA,MARIANO NICOLAS VALCARCEL,1358
040204,AREQUIPA,CAMANA,MARISCAL CACERES,764
040205,AREQUIPA,CAMANA,NICOLAS DE PIEROLA,913
040206,AREQUIPA,CAMANA,OCOÑA,607
040207,AREQUIPA,CAMANA,QUILCA,141
040208,AREQUIPA,CAMANA,SAMUEL PASTOR,2203
040301,AREQUIPA,CARAVELI,CARAVELI,767
040302,AREQUIPA,CARAVELI,ACARI,1021
040303,AREQUIPA,CARAVELI,ATICO,758
040304,AREQUIPA,CARAVELI,ATIQUIPA,90
040305,AREQUIPA,CARAVELI,BELLA UNION,446
040306,AREQUIPA,CARAVELI,CAHUACHO,269
040307,AREQUIPA,CARAVELI,CHALA,1298
040308,AREQUIPA,CARAVELI,CHAPARRA,534
040309,AREQUIPA,CARAVELI,HUANUHUANU,441
040310,AREQUIPA,CARAVELI,JAQUI,325
040311,AREQUIPA,CARAVELI,LOMAS,208
040312,AREQUIPA,CARAVELI,QUICACHA,402
040313,AREQUIPA,CARAVELI,YAUCA,374
040401,AREQUIPA,CASTILLA,APLAO,1737
040402,AREQUIPA,CASTILLA,ANDAGUA,358
040403,AREQUIPA,CASTILLA,AYO,57
040404,AREQUIPA,CASTILLA,CHACHAS,1388
040405,AREQUIPA,CASTILLA,CHILCAYMARCA,283
040406,AREQUIPA,CASTILLA,CHOCO,1034
040407,AREQUIPA,CASTILLA,HUANCARQUI,133
040408,AREQUIPA,CASTILLA,MACHAGUAY,120
040409,AREQUIPA,CASTILLA,ORCOPAMPA,1439
040410,AREQUIPA,CASTILLA,PAMPACOLCA,457
040411,AREQUIPA,CASTILLA,TIPAN,70
040412,AREQUIPA,CASTILLA,UÑON,35
040413,AREQUIPA,CASTILLA,URACA,1026
040414,AREQUIPA,CASTILLA,VIRACO,364
040501,AREQUIPA,CAYLLOMA,CHIVAY,2023
040502,AREQUIPA,CAYLLOMA,ACHOMA,190
040503,AREQUIPA,CAYLLOMA,CABANACONDE,460
040504,AREQUIPA,CAYLLOMA,CALLALLI,1129
040505,AREQUIPA,CAYLLOMA,CAYLLOMA,1377
040506,AREQUIPA,CAYLLOMA,COPORAQUE,1306
040507,AREQUIPA,CAYLLOMA,HUAMBO,294
040508,AREQUIPA,CAYLLOMA,HUANCA,245
040509,AREQUIPA,CAYLLOMA,ICHUPAMPA,710
040510,AREQUIPA,CAYLLOMA,LARI,212
040511,AREQUIPA,CAYLLOMA,LLUTA,676
040512,AREQUIPA,CAYLLOMA,MACA,163
040513,AREQUIPA,CAYLLOMA,MADRIGAL,168
040514,AREQUIPA,CAYLLOMA,SAN ANTONIO DE CHUCA,940
040515,AREQUIPA,CAYLLOMA,SIBAYO,271
040516,AREQUIPA,CAYLLOMA,TAPAY,316
040517,AREQUIPA,CAYLLOMA,TISCO,1172
040518,AREQUIPA,CAYLLOMA,TUTI,133
040519,AREQUIPA,CAYLLOMA,YANQUE,627
040520,AREQUIPA,CAYLLOMA,MAJES,8809
040601,AREQUIPA,CONDESUYOS,CHUQUIBAMBA,807
040602,AREQUIPA,CONDESUYOS,ANDARAY,231
040603,AREQUIPA,CONDESUYOS,CAYARANI,2323
040604,AREQUIPA,CONDESUYOS,CHICHAS,212
040605,AREQUIPA,CONDESUYOS,IRAY,107
040606,AREQUIPA,CONDESUYOS,RIO GRANDE,735
040607,AREQUIPA,CONDESUYOS,SALAMANCA,187
040608,AREQUIPA,CONDESUYOS,YANAQUIHUA,930
040701,AREQUIPA,ISLAY,MOLLENDO,2418
040702,AREQUIPA,ISLAY,COCACHACRA,1258
040703,AREQUIPA,ISLAY,DEAN VALDIVIA,964
040704,AREQUIPA,ISLAY,ISLAY,711
040705,AREQUIPA,ISLAY,MEJIA,220
040706,AREQUIPA,ISLAY,PUNTA DE BOMBON,1056
040801,AREQUIPA,LA UNION,COTAHUASI,735
040802,AREQUIPA,LA UNION,ALCA,1461
040803,AREQUIPA,LA UNION,CHARCANA,304
040804,AREQUIPA,LA UNION,HUAYNACOTAS,1403
040805,AREQUIPA,LA UNION,PAMPAMARCA,2212
040806,AREQUIPA,LA UNION,PUYCA,4721
040807,AREQUIPA,LA UNION,QUECHUALLA,70
040808,AREQUIPA,LA UNION,SAYLA,148
040809,AREQUIPA,LA UNION,TAURIA,107
040810,AREQUIPA,LA UNION,TOMEPAMPA,150
040811,AREQUIPA,LA UNION,TORO,204
050101,AYACUCHO,HUAMANGA,AYACUCHO,17332
050102,AYACUCHO,HUAMANGA,ACOCRO,4628
050103,AYACUCHO,HUAMANGA,ACOS VINCHOS,2714
050104,AYACUCHO,HUAMANGA,CARMEN ALTO,4199
050105,AYACUCHO,HUAMANGA,CHIARA,3644
050106,AYACUCHO,HUAMANGA,OCROS,3687
050107,AYACUCHO,HUAMANGA,PACAYCASA,1507
050108,AYACUCHO,HUAMANGA,QUINUA,4301
050109,AYACUCHO,HUAMANGA,SAN JOSE DE TICLLAS,2711
050110,AYACUCHO,HUAMANGA,SAN JUAN BAUTISTA,7578
050111,AYACUCHO,HUAMANGA,SANTIAGO DE PISCHA,864
050112,AYACUCHO,HUAMANGA,SOCOS,3019
050113,AYACUCHO,HUAMANGA,TAMBILLO,2706
050114,AYACUCHO,HUAMANGA,VINCHOS,8772
050115,AYACUCHO,HUAMANGA,JESUS NAZARENO,2611
050116,AYACUCHO,HUAMANGA,ANDRÉS AVELINO CACERES DORREGARAY,3189
050201,AYACUCHO,CANGALLO,CANGALLO,2826
050202,AYACUCHO,CANGALLO,CHUSCHI,6110
050203,AYACUCHO,CANGALLO,LOS MOROCHUCOS,4876
050204,AYACUCHO,CANGALLO,MARIA PARADO DE BELLIDO,1340
050205,AYACUCHO,CANGALLO,PARAS,3559
050206,AYACUCHO,CANGALLO,TOTOS,3641
050301,AYACUCHO,HUANCA SANCOS,SANCOS,1168
050302,AYACUCHO,HUANCA SANCOS,CARAPO,2374
050303,AYACUCHO,HUANCA SANCOS,SACSAMARCA,902
050304,AYACUCHO,HUANCA SANCOS,SANTIAGO DE LUCANAMARCA,2262
050401,AYACUCHO,HUANTA,HUANTA,12263
050402,AYACUCHO,HUANTA,AYAHUANCO,2522
050403,AYACUCHO,HUANTA,HUAMANGUILLA,3672
050404,AYACUCHO,HUANTA,IGUAIN,1672
050405,AYACUCHO,HUANTA,LURICOCHA,3097
050406,AYACUCHO,HUANTA,SANTILLANA,4762
050407,AYACUCHO,HUANTA,SIVIA,5257
050408,AYACUCHO,HUANTA,LLOCHEGUA,5600
050409,AYACUCHO,HUANTA,CANAYRE,1854
050410,AYACUCHO,HUANTA,UCHURACCAY,3949
050411,AYACUCHO,HUANTA,PUCACOLPA,3402
050412,AYACUCHO,HUANTA,CHACA,3104
050501,AYACUCHO,LA MAR,SAN MIGUEL,7584
050502,AYACUCHO,LA MAR,ANCO,5305
050503,AYACUCHO,LA MAR,AYNA,3793
050504,AYACUCHO,LA MAR,CHILCAS,1106
050505,AYACUCHO,LA MAR,CHUNGUI,2941
050506,AYACUCHO,LA MAR,LUIS CARRANZA,654
050507,AYACUCHO,LA MAR,SANTA ROSA,4515
050508,AYACUCHO,LA MAR,TAMBO,7494
050509,AYACUCHO,LA MAR,SAMUGARI,4250
050510,AYACUCHO,LA MAR,ANCHIHUAY,2376
050511,AYACUCHO,LA MAR,ORONCCOY,507
050601,AYACUCHO,LUCANAS,PUQUIO,6510
050602,AYACUCHO,LUCANAS,AUCARA,1477
050603,AYACUCHO,LUCANAS,CABANA,1362
050604,AYACUCHO,LUCANAS,CARMEN SALCEDO,483
050605,AYACUCHO,LUCANAS,CHAVIÑA,1229
050606,AYACUCHO,LUCANAS,CHIPAO,1986
050607,AYACUCHO,LUCANAS,HUAC-HUAS,2179
050608,AYACUCHO,LUCANAS,LARAMATE,700
050609,AYACUCHO,LUCANAS,LEONCIO PRADO,1987
050610,AYACUCHO,LUCANAS,LLAUTA,342
050611,AYACUCHO,LUCANAS,LUCANAS,1520
050612,AYACUCHO,LUCANAS,OCAÑA,1117
050613,AYACUCHO,LUCANAS,OTOCA,626
050614,AYACUCHO,LUCANAS,SAISA,93
050615,AYACUCHO,LUCANAS,SAN CRISTOBAL,1252
050616,AYACUCHO,LUCANAS,SAN JUAN,198
050617,AYACUCHO,LUCANAS,SAN PEDRO,1588
050618,AYACUCHO,LUCANAS,SAN PEDRO DE PALCO,1795
050619,AYACUCHO,LUCANAS,SANCOS,1776
050620,AYACUCHO,LUCANAS,SANTA ANA DE HUAYCAHUACHO,218
050621,AYACUCHO,LUCANAS,SANTA LUCIA,358
050701,AYACUCHO,PARINACOCHAS,CORACORA,6336
050702,AYACUCHO,PARINACOCHAS,CHUMPI,3898
050703,AYACUCHO,PARINACOCHAS,CORONEL CASTAÑEDA,2093
050704,AYACUCHO,PARINACOCHAS,PACAPAUSA,1478
050705,AYACUCHO,PARINACOCHAS,PULLO,2262
050706,AYACUCHO,PARINACOCHAS,PUYUSCA,2544
050707,AYACUCHO,PARINACOCHAS,SAN FRANCISCO DE RAVACAYCO,420
050708,AYACUCHO,PARINACOCHAS,UPAHUACHO,2097
050801,AYACUCHO,PAUCAR DEL SARA SARA,PAUSA,1009
050802,AYACUCHO,PAUCAR DEL SARA SARA,COLTA,325
050803,AYACUCHO,PAUCAR DEL SARA SARA,CORCULLA,597
050804,AYACUCHO,PAUCAR DEL SARA SARA,LAMPA,1496
050805,AYACUCHO,PAUCAR DEL SARA SARA,MARCABAMBA,476
050806,AYACUCHO,PAUCAR DEL SARA SARA,OYOLO,844
050807,AYACUCHO,PAUCAR DEL SARA SARA,PARARCA,432
050808,AYACUCHO,PAUCAR DEL SARA SARA,SAN JAVIER DE ALPABAMBA,123
050809,AYACUCHO,PAUCAR DEL SARA SARA,SAN JOSE DE USHUA,111
050810,AYACUCHO,PAUCAR DEL SARA SARA,SARA SARA,232
050901,AYACUCHO,SUCRE,QUEROBAMBA,1206
050902,AYACUCHO,SUCRE,BELEN,111
050903,AYACUCHO,SUCRE,CHALCOS,251
050904,AYACUCHO,SUCRE,CHILCAYOC,348
050905,AYACUCHO,SUCRE,HUACAÑA,169
050906,AYACUCHO,SUCRE,MORCOLLA,608
050907,AYACUCHO,SUCRE,PAICO,270
050908,AYACUCHO,SUCRE,SAN PEDRO DE LARCAY,923
050909,AYACUCHO,SUCRE,SAN SALVADOR DE QUIJE,2504
050910,AYACUCHO,SUCRE,SANTIAGO DE PAUCARAY,691
050911,AYACUCHO,SUCRE,SORAS,554
051001,AYACUCHO,VICTOR FAJARDO,HUANCAPI,909
051002,AYACUCHO,VICTOR FAJARDO,ALCAMENCA,708
051003,AYACUCHO,VICTOR FAJARDO,APONGO,272
051004,AYACUCHO,VICTOR FAJARDO,ASQUIPATA,173
051005,AYACUCHO,VICTOR FAJARDO,CANARIA,1569
051006,AYACUCHO,VICTOR FAJARDO,CAYARA,461
051007,AYACUCHO,VICTOR FAJARDO,COLCA,550
051008,AYACUCHO,VICTOR FAJARDO,HUAMANQUIQUIA,568
051009,AYACUCHO,VICTOR FAJARDO,HUANCARAYLLA,708
051010,AYACUCHO,VICTOR FAJARDO,HUAYA,1331
051011,AYACUCHO,VICTOR FAJARDO,SARHUA,1705
051012,AYACUCHO,VICTOR FAJARDO,VILCANCHOS,1471
051101,AYACUCHO,VILCAS HUAMAN,VILCAS HUAMAN,4977
051102,AYACUCHO,VILCAS HUAMAN,ACCOMARCA,554
051103,AYACUCHO,VILCAS HUAMAN,CARHUANCA,418
051104,AYACUCHO,VILCAS HUAMAN,CONCEPCION,1115
051105,AYACUCHO,VILCAS HUAMAN,HUAMBALPA,1040
051106,AYACUCHO,VILCAS HUAMAN,INDEPENDENCIA,849
051107,AYACUCHO,VILCAS HUAMAN,SAURAMA,688
051108,AYACUCHO,VILCAS HUAMAN,VISCHONGO,2360
060101,CAJAMARCA,CAJAMARCA,CAJAMARCA,23265
060102,CAJAMARCA,CAJAMARCA,ASUNCION,5201
060103,CAJAMARCA,CAJAMARCA,CHETILLA,5104
060104,CAJAMARCA,CAJAMARCA,COSPAN,4108
060105,CAJAMARCA,CAJAMARCA,ENCAÑADA,10843
060106,CAJAMARCA,CAJAMARCA,JESUS,9371
060107,CAJAMARCA,CAJAMARCA,LLACANORA,2390
060108,CAJAMARCA,CAJAMARCA,LOS BAÑOS DEL INCA,13548
060109,CAJAMARCA,CAJAMARCA,MAGDALENA,3833
060110,CAJAMARCA,CAJAMARCA,MATARA,2188
060111,CAJAMARCA,CAJAMARCA,NAMORA,8224
060112,CAJAMARCA,CAJAMARCA,SAN JUAN,2491
060201,CAJAMARCA,CAJABAMBA,CAJABAMBA,12254
060202,CAJAMARCA,CAJABAMBA,CACHACHI,12210
060203,CAJAMARCA,CAJABAMBA,CONDEBAMBA,7476
060204,CAJAMARCA,CAJABAMBA,SITACOCHA,4989
060301,CAJAMARCA,CELENDIN,CELENDIN,8534
060302,CAJAMARCA,CELENDIN,CHUMUCH,3402
060303,CAJAMARCA,CELENDIN,CORTEGANA,6929
060304,CAJAMARCA,CELENDIN,HUASMIN,8424
060305,CAJAMARCA,CELENDIN,JORGE CHAVEZ,210
060306,CAJAMARCA,CELENDIN,JOSE GALVEZ,1027
060307,CAJAMARCA,CELENDIN,MIGUEL IGLESIAS,2563
060308,CAJAMARCA,CELENDIN,OXAMARCA,4023
060309,CAJAMARCA,CELENDIN,SOROCHUCO,6569
060310,CAJAMARCA,CELENDIN,SUCRE,2339
060311,CAJAMARCA,CELENDIN,UTCO,560
060312,CAJAMARCA,CELENDIN,LA LIBERTAD DE PALLAN,6175
060401,CAJAMARCA,CHOTA,CHOTA,17322
060402,CAJAMARCA,CHOTA,ANGUIA,2115
060403,CAJAMARCA,CHOTA,CHADIN,2104
060404,CAJAMARCA,CHOTA,CHIGUIRIP,3916
060405,CAJAMARCA,CHOTA,CHIMBAN,1289
060406,CAJAMARCA,CHOTA,CHOROPAMPA,3053
060407,CAJAMARCA,CHOTA,COCHABAMBA,5179
060408,CAJAMARCA,CHOTA,CONCHAN,3078
060409,CAJAMARCA,CHOTA,HUAMBOS,7209
060410,CAJAMARCA,CHOTA,LAJAS,5852
060411,CAJAMARCA,CHOTA,LLAMA,3773
060412,CAJAMARCA,CHOTA,MIRACOSTA,3480
060413,CAJAMARCA,CHOTA,PACCHA,5085
060414,CAJAMARCA,CHOTA,PION,690
060415,CAJAMARCA,CHOTA,QUEROCOTO,4926
060416,CAJAMARCA,CHOTA,SAN JUAN DE LICUPIS,494
060417,CAJAMARCA,CHOTA,TACABAMBA,8896
060418,CAJAMARCA,CHOTA,TOCMOCHE,430
060419,CAJAMARCA,CHOTA,CHALAMARCA,5880
060501,CAJAMARCA,CONTUMAZA,CONTUMAZA,4908
060502,CAJAMARCA,CONTUMAZA,CHILETE,996
060503,CAJAMARCA,CONTUMAZA,CUPISNIQUE,557
060504,CAJAMARCA,CONTUMAZA,GUZMANGO,1501
060505,CAJAMARCA,CONTUMAZA,SAN BENITO,1463
060506,CAJAMARCA,CONTUMAZA,SANTA CRUZ DE TOLED,1334
060507,CAJAMARCA,CONTUMAZA,TANTARICA,1054
060508,CAJAMARCA,CONTUMAZA,YONAN,2210
060601,CAJAMARCA,CUTERVO,CUTERVO,26886
060602,CAJAMARCA,CUTERVO,CALLAYUC,7305
060603,CAJAMARCA,CUTERVO,CHOROS,1517
060604,CAJAMARCA,CUTERVO,CUJILLO,1608
060605,CAJAMARCA,CUTERVO,LA RAMADA,4108
060606,CAJAMARCA,CUTERVO,PIMPINGOS,3171
060607,CAJAMARCA,CUTERVO,QUEROCOTILLO,10918
060608,CAJAMARCA,CUTERVO,SAN ANDRES DE CUTERVO,4121
060609,CAJAMARCA,CUTERVO,SAN JUAN DE CUTERVO,1314
060610,CAJAMARCA,CUTERVO,SAN LUIS DE LUCMA,2207
060611,CAJAMARCA,CUTERVO,SANTA CRUZ,3119
060612,CAJAMARCA,CUTERVO,SANTO DOMINGO DE LA CAPILLA,4755
060613,CAJAMARCA,CUTERVO,SANTO TOMAS,5740
060614,CAJAMARCA,CUTERVO,SOCOTA,6857
060615,CAJAMARCA,CUTERVO,TORIBIO CASANOVA,585
060701,CAJAMARCA,HUALGAYOC,BAMBAMARCA,31724
060702,CAJAMARCA,HUALGAYOC,CHUGUR,1284
060703,CAJAMARCA,HUALGAYOC,HUALGAYOC,7341
060801,CAJAMARCA,JAEN,JAEN,19295
060802,CAJAMARCA,JAEN,BELLAVISTA,7462
060803,CAJAMARCA,JAEN,CHONTALI,5370
060804,CAJAMARCA,JAEN,COLASAY,5295
060805,CAJAMARCA,JAEN,HUABAL,6782
060806,CAJAMARCA,JAEN,LAS PIRIAS,2429
060807,CAJAMARCA,JAEN,POMAHUACA,5428
060808,CAJAMARCA,JAEN,PUCARA,2603
060809,CAJAMARCA,JAEN,SALLIQUE,6008
060810,CAJAMARCA,JAEN,SAN FELIPE,2626
060811,CAJAMARCA,JAEN,SAN JOSE DEL ALTO,3922
060812,CAJAMARCA,JAEN,SANTA ROSA,4818
060901,CAJAMARCA,SAN IGNACIO,SAN IGNACIO,15596
060902,CAJAMARCA,SAN IGNACIO,CHIRINOS,8422
060903,CAJAMARCA,SAN IGNACIO,HUARANGO,10858
060904,CAJAMARCA,SAN IGNACIO,LA COIPA,10496
060905,CAJAMARCA,SAN IGNACIO,NAMBALLE,7404
060906,CAJAMARCA,SAN IGNACIO,SAN JOSE DE LOURDES,8607
060907,CAJAMARCA,SAN IGNACIO,TABACONAS,13996
061001,CAJAMARCA,SAN MARCOS,PEDRO GALVEZ,8229
061002,CAJAMARCA,SAN MARCOS,CHANCAY,2001
061003,CAJAMARCA,SAN MARCOS,EDUARDO VILLANUEVA,1081
061004,CAJAMARCA,SAN MARCOS,GREGORIO PITA,3113
061005,CAJAMARCA,SAN MARCOS,ICHOCAN,844
061006,CAJAMARCA,SAN MARCOS,JOSE MANUEL QUIROZ,3829
061007,CAJAMARCA,SAN MARCOS,JOSE SABOGAL,8112
061101,CAJAMARCA,SAN MIGUEL,SAN MIGUEL,5981
061102,CAJAMARCA,SAN MIGUEL,BOLIVAR,655
061103,CAJAMARCA,SAN MIGUEL,CALQUIS,2189
061104,CAJAMARCA,SAN MIGUEL,CATILLUC,1647
061105,CAJAMARCA,SAN MIGUEL,EL PRADO,1005
061106,CAJAMARCA,SAN MIGUEL,LA FLORIDA,1108
061107,CAJAMARCA,SAN MIGUEL,LLAPA,3930
061108,CAJAMARCA,SAN MIGUEL,NANCHOC,600
061109,CAJAMARCA,SAN MIGUEL,NIEPOS,2012
061110,CAJAMARCA,SAN MIGUEL,SAN GREGORIO,1055
061111,CAJAMARCA,SAN MIGUEL,SAN SILVESTRE DE COCHAN,1608
061112,CAJAMARCA,SAN MIGUEL,TONGOD,1553
061113,CAJAMARCA,SAN MIGUEL,UNION AGUA BLANCA,1511
061201,CAJAMARCA,SAN PABLO,SAN PABLO,7028
061202,CAJAMARCA,SAN PABLO,SAN BERNARDINO,2482
061203,CAJAMARCA,SAN PABLO,SAN LUIS,684
061204,CAJAMARCA,SAN PABLO,TUMBADEN,1977
061301,CAJAMARCA,SANTA CRUZ,SANTA CRUZ,3842
061302,CAJAMARCA,SANTA CRUZ,ANDABAMBA,895
061303,CAJAMARCA,SANTA CRUZ,CATACHE,4824
061304,CAJAMARCA,SANTA CRUZ,CHANCAYBAÑOS,3721
061305,CAJAMARCA,SANTA CRUZ,LA ESPERANZA,1333
061306,CAJAMARCA,SANTA CRUZ,NINABAMBA,1320
061307,CAJAMARCA,SANTA CRUZ,PULAN,2350
061308,CAJAMARCA,SANTA CRUZ,SAUCEPAMPA,2495
061309,CAJAMARCA,SANTA CRUZ,SEXI,129
061310,CAJAMARCA,SANTA CRUZ,UTICYACU,714
061311,CAJAMARCA,SANTA CRUZ,YAUYUCAN,1709
070101,CALLAO,CALLAO,CALLAO,36025
070102,CALLAO,CALLAO,BELLAVISTA,4371
070103,CALLAO,CALLAO,CARMEN DE LA LEGUA REYNOSO,3706
070104,CALLAO,CALLAO,LA PERLA,2056
070105,CALLAO,CALLAO,LA PUNTA,332
070106,CALLAO,CALLAO,VENTANILLA,32596
070107,CALLAO,CALLAO,MI PERÚ,4108
080101,CUSCO,CUSCO,CUSCO,17407
080102,CUSCO,CUSCO,CCORCA,1165
080103,CUSCO,CUSCO,POROY,966
080104,CUSCO,CUSCO,SAN JERONIMO,4942
080105,CUSCO,CUSCO,SAN SEBASTIAN,7896
080106,CUSCO,CUSCO,SANTIAGO,7351
080107,CUSCO,CUSCO,SAYLLA,775
080108,CUSCO,CUSCO,WANCHAQ,7043
080201,CUSCO,ACOMAYO,ACOMAYO,2333
080202,CUSCO,ACOMAYO,ACOPIA,975
080203,CUSCO,ACOMAYO,ACOS,1100
080204,CUSCO,ACOMAYO,MOSOC LLACTA,301
080205,CUSCO,ACOMAYO,POMACANCHI,3677
080206,CUSCO,ACOMAYO,RONDOCAN,2921
080207,CUSCO,ACOMAYO,SANGARARA,3085
080301,CUSCO,ANTA,ANTA,6420
080302,CUSCO,ANTA,ANCAHUASI,2461
080303,CUSCO,ANTA,CACHIMAYO,295
080304,CUSCO,ANTA,CHINCHAYPUJIO,4046
080305,CUSCO,ANTA,HUAROCONDO,2490
080306,CUSCO,ANTA,LIMATAMBO,2539
080307,CUSCO,ANTA,MOLLEPATA,856
080308,CUSCO,ANTA,PUCYURA,883
080309,CUSCO,ANTA,ZURITE,990
080401,CUSCO,CALCA,CALCA,5404
080402,CUSCO,CALCA,COYA,2679
080403,CUSCO,CALCA,LAMAY,2329
080404,CUSCO,CALCA,LARES,4330
080405,CUSCO,CALCA,PISAC,3922
080406,CUSCO,CALCA,SAN SALVADOR,2121
080407,CUSCO,CALCA,TARAY,613
080408,CUSCO,CALCA,YANATILE,2147
080501,CUSCO,CANAS,YANAOCA,5011
080502,CUSCO,CANAS,CHECCA,5070
080503,CUSCO,CANAS,KUNTURKANKI,2969
080504,CUSCO,CANAS,LANGUI,1043
080505,CUSCO,CANAS,LAYO,4204
080506,CUSCO,CANAS,PAMPAMARCA,466
080507,CUSCO,CANAS,QUEHUE,1889
080508,CUSCO,CANAS,TUPAC AMARU,1819
080601,CUSCO,CANCHIS,SICUANI,15051
080602,CUSCO,CANCHIS,CHECACUPE,1643
080603,CUSCO,CANCHIS,COMBAPATA,1991
080604,CUSCO,CANCHIS,MARANGANI,3007
080605,CUSCO,CANCHIS,PITUMARCA,4325
080606,CUSCO,CANCHIS,SAN PABLO,1772
080607,CUSCO,CANCHIS,SAN PEDRO,663
080608,CUSCO,CANCHIS,TINTA,2109
080701,CUSCO,CHUMBIVILCAS,SANTO TOMAS,11037
080702,CUSCO,CHUMBIVILCAS,CAPACMARCA,2590
080703,CUSCO,CHUMBIVILCAS,CHAMACA,3436
080704,CUSCO,CHUMBIVILCAS,COLQUEMARCA,4091
080705,CUSCO,CHUMBIVILCAS,LIVITACA,7996
080706,CUSCO,CHUMBIVILCAS,LLUSCO,4332
080707,CUSCO,CHUMBIVILCAS,QUIÑOTA,2283
080708,CUSCO,CHUMBIVILCAS,VELILLE,3700
080801,CUSCO,ESPINAR,ESPINAR,9589
080802,CUSCO,ESPINAR,CONDOROMA,523
080803,CUSCO,ESPINAR,COPORAQUE,4754
080804,CUSCO,ESPINAR,OCORURO,325
080805,CUSCO,ESPINAR,PALLPATA,2612
080806,CUSCO,ESPINAR,PICHIGUA,1451
080807,CUSCO,ESPINAR,SUYCKUTAMBO,861
080808,CUSCO,ESPINAR,ALTO PICHIGUA,543
080901,CUSCO,LA CONVENCION,SANTA ANA,5261
080902,CUSCO,LA CONVENCION,ECHARATE,10301
080903,CUSCO,LA CONVENCION,HUAYOPATA,812
080904,CUSCO,LA CONVENCION,MARANURA,1154
080905,CUSCO,LA CONVENCION,OCOBAMBA,1510
080906,CUSCO,LA CONVENCION,QUELLOUNO,3488
080907,CUSCO,LA CONVENCION,KIMBIRI,6813
080908,CUSCO,LA CONVENCION,SANTA TERESA,1945
080909,CUSCO,LA CONVENCION,VILCABAMBA,3863
080910,CUSCO,LA CONVENCION,PICHARI,10133
080911,CUSCO,LA CONVENCION,INKAWASI,1839
080912,CUSCO,LA CONVENCION,VILLA VIRGEN,589
080913,CUSCO,LA CONVENCION,VILLA KINTIARINA,1020
080914,CUSCO,LA CONVENCION,MEGANTONI,4979
081001,CUSCO,PARURO,PARURO,1131
081002,CUSCO,PARURO,ACCHA,1935
081003,CUSCO,PARURO,CCAPI,2371
081004,CUSCO,PARURO,COLCHA,405
081005,CUSCO,PARURO,HUANOQUITE,2936
081006,CUSCO,PARURO,OMACHA,4121
081007,CUSCO,PARURO,PACCARITAMBO,2976
081008,CUSCO,PARURO,PILLPINTO,322
081009,CUSCO,PARURO,YAURISQUE,1197
081101,CUSCO,PAUCARTAMBO,PAUCARTAMBO,6755
081102,CUSCO,PAUCARTAMBO,CAICAY,1569
081103,CUSCO,PAUCARTAMBO,CHALLABAMBA,4668
081104,CUSCO,PAUCARTAMBO,COLQUEPATA,5319
081105,CUSCO,PAUCARTAMBO,HUANCARANI,5468
081106,CUSCO,PAUCARTAMBO,KOSÑIPATA,1415
081201,CUSCO,QUISPICANCHI,URCOS,4305
081202,CUSCO,QUISPICANCHI,ANDAHUAYLILLAS,2135
081203,CUSCO,QUISPICANCHI,CAMANTI,603
081204,CUSCO,QUISPICANCHI,CCARHUAYO,1746
081205,CUSCO,QUISPICANCHI,CCATCA,8784
081206,CUSCO,QUISPICANCHI,CUSIPATA,3846
081207,CUSCO,QUISPICANCHI,HUARO,1390
081208,CUSCO,QUISPICANCHI,LUCRE,1338
081209,CUSCO,QUISPICANCHI,MARCAPATA,3034
081210,CUSCO,QUISPICANCHI,OCONGATE,9834
081211,CUSCO,QUISPICANCHI,OROPESA,1288
081212,CUSCO,QUISPICANCHI,QUIQUIJANA,8236
081301,CUSCO,URUBAMBA,URUBAMBA,3952
081302,CUSCO,URUBAMBA,CHINCHERO,2549
081303,CUSCO,URUBAMBA,HUAYLLABAMBA,648
081304,CUSCO,URUBAMBA,MACHUPICCHU,657
081305,CUSCO,URUBAMBA,MARAS,1385
081306,CUSCO,URUBAMBA,OLLANTAYTAMBO,3857
081307,CUSCO,URUBAMBA,YUCAY,689
090101,HUANCAVELICA,HUANCAVELICA,HUANCAVELICA,9387
090102,HUANCAVELICA,HUANCAVELICA,ACOBAMBILLA,809
090103,HUANCAVELICA,HUANCAVELICA,ACORIA,9936
090104,HUANCAVELICA,HUANCAVELICA,CONAYCA,267
090105,HUANCAVELICA,HUANCAVELICA,CUENCA,2705
090106,HUANCAVELICA,HUANCAVELICA,HUACHOCOLPA,1037
090107,HUANCAVELICA,HUANCAVELICA,HUAYLLAHUARA,242
090108,HUANCAVELICA,HUANCAVELICA,IZCUCHACA,207
090109,HUANCAVELICA,HUANCAVELICA,LARIA,330
090110,HUANCAVELICA,HUANCAVELICA,MANTA,748
090111,HUANCAVELICA,HUANCAVELICA,MARISCAL CACERES,258
090112,HUANCAVELICA,HUANCAVELICA,MOYA,420
090113,HUANCAVELICA,HUANCAVELICA,NUEVO OCCORO,786
090114,HUANCAVELICA,HUANCAVELICA,PALCA,1012
090115,HUANCAVELICA,HUANCAVELICA,PILCHACA,244
090116,HUANCAVELICA,HUANCAVELICA,VILCA,994
090117,HUANCAVELICA,HUANCAVELICA,YAULI,17545
090118,HUANCAVELICA,HUANCAVELICA,ASCENSION,2433
090119,HUANCAVELICA,HUANCAVELICA,HUANDO,5065
090201,HUANCAVELICA,ACOBAMBA,ACOBAMBA,4307
090202,HUANCAVELICA,ACOBAMBA,ANDABAMBA,2164
090203,HUANCAVELICA,ACOBAMBA,ANTA,3230
090204,HUANCAVELICA,ACOBAMBA,CAJA,895
090205,HUANCAVELICA,ACOBAMBA,MARCAS,747
090206,HUANCAVELICA,ACOBAMBA,PAUCARA,8813
090207,HUANCAVELICA,ACOBAMBA,POMACOCHA,1389
090208,HUANCAVELICA,ACOBAMBA,ROSARIO,2566
090301,HUANCAVELICA,ANGARAES,LIRCAY,12481
090302,HUANCAVELICA,ANGARAES,ANCHONGA,4522
090303,HUANCAVELICA,ANGARAES,CALLANMARCA,311
090304,HUANCAVELICA,ANGARAES,CCOCHACCASA,1125
090305,HUANCAVELICA,ANGARAES,CHINCHO,459
090306,HUANCAVELICA,ANGARAES,CONGALLA,2317
090307,HUANCAVELICA,ANGARAES,HUANCA-HUANCA,924
090308,HUANCAVELICA,ANGARAES,HUAYLLAY GRANDE,513
090309,HUANCAVELICA,ANGARAES,JULCAMARCA,494
090310,HUANCAVELICA,ANGARAES,SAN ANTONIO DE ANTAPARCO,373
090311,HUANCAVELICA,ANGARAES,SANTO TOMAS DE PATA,1105
090312,HUANCAVELICA,ANGARAES,SECCLLA,1584
090401,HUANCAVELICA,CASTROVIRREYNA,CASTROVIRREYNA,1700
090402,HUANCAVELICA,CASTROVIRREYNA,ARMA,449
090403,HUANCAVELICA,CASTROVIRREYNA,AURAHUA,1438
090404,HUANCAVELICA,CASTROVIRREYNA,CAPILLAS,863
090405,HUANCAVELICA,CASTROVIRREYNA,CHUPAMARCA,799
090406,HUANCAVELICA,CASTROVIRREYNA,COCAS,350
090407,HUANCAVELICA,CASTROVIRREYNA,HUACHOS,841
090408,HUANCAVELICA,CASTROVIRREYNA,HUAMATAMBO,421
090409,HUANCAVELICA,CASTROVIRREYNA,MOLLEPAMPA,594
090410,HUANCAVELICA,CASTROVIRREYNA,SAN JUAN,259
090411,HUANCAVELICA,CASTROVIRREYNA,SANTA ANA,433
090412,HUANCAVELICA,CASTROVIRREYNA,TANTARA,658
090413,HUANCAVELICA,CASTROVIRREYNA,TICRAPO,559
090501,HUANCAVELICA,CHURCAMPA,CHURCAMPA,2478
090502,HUANCAVELICA,CHURCAMPA,ANCO,5627
090503,HUANCAVELICA,CHURCAMPA,CHINCHIHUASI,3315
090504,HUANCAVELICA,CHURCAMPA,EL CARMEN,3737
090505,HUANCAVELICA,CHURCAMPA,LA MERCED,228
090506,HUANCAVELICA,CHURCAMPA,LOCROJA,1925
090507,HUANCAVELICA,CHURCAMPA,PAUCARBAMBA,2786
090508,HUANCAVELICA,CHURCAMPA,SAN MIGUEL DE MAYOCC,236
090509,HUANCAVELICA,CHURCAMPA,SAN PEDRO DE CORIS,1711
090510,HUANCAVELICA,CHURCAMPA,PACHAMARCA,2951
090511,HUANCAVELICA,CHURCAMPA,COSME,1499
090601,HUANCAVELICA,HUAYTARA,HUAYTARA,736
090602,HUANCAVELICA,HUAYTARA,AYAVI,270
090603,HUANCAVELICA,HUAYTARA,CORDOVA,642
090604,HUANCAVELICA,HUAYTARA,HUAYACUNDO ARMA,135
090605,HUANCAVELICA,HUAYTARA,LARAMARCA,626
090606,HUANCAVELICA,HUAYTARA,OCOYO,418
090607,HUANCAVELICA,HUAYTARA,PILPICHACA,2698
090608,HUANCAVELICA,HUAYTARA,QUERCO,858
090609,HUANCAVELICA,HUAYTARA,QUITO-ARMA,478
090610,HUANCAVELICA,HUAYTARA,SAN ANTONIO DE CUSICANCHA,2569
090611,HUANCAVELICA,HUAYTARA,SAN FRANCISCO DE SANGAYAICO,368
090612,HUANCAVELICA,HUAYTARA,SAN ISIDRO,249
090613,HUANCAVELICA,HUAYTARA,SANTIAGO DE CHOCORVOS,1025
090614,HUANCAVELICA,HUAYTARA,SANTIAGO DE QUIRAHUARA,662
090615,HUANCAVELICA,HUAYTARA,SANTO DOMINGO DE CAPILLAS,311
090616,HUANCAVELICA,HUAYTARA,TAMBO,291
090701,HUANCAVELICA,TAYACAJA,PAMPAS,5789
090702,HUANCAVELICA,TAYACAJA,ACOSTAMBO,1811
090703,HUANCAVELICA,TAYACAJA,ACRAQUIA,1619
090704,HUANCAVELICA,TAYACAJA,AHUAYCHA,3651
090705,HUANCAVELICA,TAYACAJA,COLCABAMBA,6785
090706,HUANCAVELICA,TAYACAJA,DANIEL HERNANDEZ,3455
090707,HUANCAVELICA,TAYACAJA,HUACHOCOLPA,3592
090709,HUANCAVELICA,TAYACAJA,HUARIBAMBA,1710
090710,HUANCAVELICA,TAYACAJA,ÑAHUIMPUQUIO,620
090711,HUANCAVELICA,TAYACAJA,PAZOS,2654
090713,HUANCAVELICA,TAYACAJA,QUISHUAR,432
090714,HUANCAVELICA,TAYACAJA,SALCABAMBA,4639
090715,HUANCAVELICA,TAYACAJA,SALCAHUASI,1680
090716,HUANCAVELICA,TAYACAJA,SAN MARCOS DE ROCCHAC,2872
090717,HUANCAVELICA,TAYACAJA,SURCUBAMBA,5416
090718,HUANCAVELICA,TAYACAJA,TINTAY PUNCU,2283
090719,HUANCAVELICA,TAYACAJA,QUICHUAS,3940
090720,HUANCAVELICA,TAYACAJA,ANDAYMARCA,2205
090721,HUANCAVELICA,TAYACAJA,ROBLE,652
090722,HUANCAVELICA,TAYACAJA,PICHOS,1257
090723,HUANCAVELICA,TAYACAJA,SANTIAGO DE TUCUMA,738
100101,HUANUCO,HUANUCO,HUANUCO,14411
100102,HUANUCO,HUANUCO,AMARILIS,10613
100103,HUANUCO,HUANUCO,CHINCHAO,9271
100104,HUANUCO,HUANUCO,CHURUBAMBA,13841
100105,HUANUCO,HUANUCO,MARGOS,2368
100106,HUANUCO,HUANUCO,QUISQUI (KICHKI),3842
100107,HUANUCO,HUANUCO,SAN FRANCISCO DE CAYRAN,1844
100108,HUANUCO,HUANUCO,SAN PEDRO DE CHAULAN,3462
100109,HUANUCO,HUANUCO,SANTA MARIA DEL VALLE,10473
100110,HUANUCO,HUANUCO,YARUMAYO,1828
100111,HUANUCO,HUANUCO,PILLCO MARCA,3176
100112,HUANUCO,HUANUCO,YACUS,2981
100113,HUANUCO,HUANUCO,SAN PABLO DE PILLAO,3868
100201,HUANUCO,AMBO,AMBO,7450
100202,HUANUCO,AMBO,CAYNA,1543
100203,HUANUCO,AMBO,COLPAS,914
100204,HUANUCO,AMBO,CONCHAMARCA,1641
100205,HUANUCO,AMBO,HUACAR,4724
100206,HUANUCO,AMBO,SAN FRANCISCO,2507
100207,HUANUCO,AMBO,SAN RAFAEL,7403
100208,HUANUCO,AMBO,TOMAY KICHWA,1373
100301,HUANUCO,DOS DE MAYO,LA UNION,2646
100307,HUANUCO,DOS DE MAYO,CHUQUIS,2559
100311,HUANUCO,DOS DE MAYO,MARIAS,4411
100313,HUANUCO,DOS DE MAYO,PACHAS,3381
100316,HUANUCO,DOS DE MAYO,QUIVILLA,478
100317,HUANUCO,DOS DE MAYO,RIPAN,2644
100321,HUANUCO,DOS DE MAYO,SHUNQUI,1018
100322,HUANUCO,DOS DE MAYO,SILLAPATA,1457
100323,HUANUCO,DOS DE MAYO,YANAS,1344
100401,HUANUCO,HUACAYBAMBA,HUACAYBAMBA,4379
100402,HUANUCO,HUACAYBAMBA,CANCHABAMBA,2064
100403,HUANUCO,HUACAYBAMBA,COCHABAMBA,757
100404,HUANUCO,HUACAYBAMBA,PINRA,6077
100501,HUANUCO,HUAMALIES,LLATA,6574
100502,HUANUCO,HUAMALIES,ARANCAY,902
100503,HUANUCO,HUAMALIES,CHAVIN DE PARIARCA,3177
100504,HUANUCO,HUAMALIES,JACAS GRANDE,4859
100505,HUANUCO,HUAMALIES,JIRCAN,911
100506,HUANUCO,HUAMALIES,MIRAFLORES,2068
100507,HUANUCO,HUAMALIES,MONZON,6023
100508,HUANUCO,HUAMALIES,PUNCHAO,1169
100509,HUANUCO,HUAMALIES,PUÑOS,2909
100510,HUANUCO,HUAMALIES,SINGA,4053
100511,HUANUCO,HUAMALIES,TANTAMAYO,1119
100601,HUANUCO,LEONCIO PRADO,RUPA-RUPA,10441
100602,HUANUCO,LEONCIO PRADO,DANIEL ALOMIA ROBLES,3130
100603,HUANUCO,LEONCIO PRADO,HERMILIO VALDIZAN,2147
100604,HUANUCO,LEONCIO PRADO,JOSE CRESPO Y CASTILLO,10674
100605,HUANUCO,LEONCIO PRADO,LUYANDO,3016
100606,HUANUCO,LEONCIO PRADO,MARIANO DAMASO BERAUN,6638
100607,HUANUCO,LEONCIO PRADO,PUCAYACU,1685
100608,HUANUCO,LEONCIO PRADO,CASTILLO GRANDE,1211
100609,HUANUCO,LEONCIO PRADO,PUEBLO NUEVO,1639
100610,HUANUCO,LEONCIO PRADO,SANTO DOMINGO DE ANDA,1042
100701,HUANUCO,MARAÑON,HUACRACHUCO,8838
100702,HUANUCO,MARAÑON,CHOLON,4115
100703,HUANUCO,MARAÑON,SAN BUENAVENTURA,1659
100704,HUANUCO,MARAÑON,LA MORADA,1290
100705,HUANUCO,MARAÑON,SANTA ROSA DE ALTO JAYANANCA,1180
100801,HUANUCO,PACHITEA,PANAO,9493
100802,HUANUCO,PACHITEA,CHAGLLA,5564
100803,HUANUCO,PACHITEA,MOLINO,9571
100804,HUANUCO,PACHITEA,UMARI,7462
100901,HUANUCO,PUERTO INCA,PUERTO INCA,6071
100902,HUANUCO,PUERTO INCA,CODO DEL POZUZO,2579
100903,HUANUCO,PUERTO INCA,HONORIA,2437
100904,HUANUCO,PUERTO INCA,TOURNAVISTA,2129
100905,HUANUCO,PUERTO INCA,YUYAPICHIS,2491
101001,HUANUCO,LAURICOCHA,JESUS,2015
101002,HUANUCO,LAURICOCHA,BAÑOS,1315
101003,HUANUCO,LAURICOCHA,JIVIA,432
101004,HUANUCO,LAURICOCHA,QUEROPALCA,210
101005,HUANUCO,LAURICOCHA,RONDOS,2693
101006,HUANUCO,LAURICOCHA,SAN FRANCISCO DE ASIS,697
101007,HUANUCO,LAURICOCHA,SAN MIGUEL DE CAURI,3177
101101,HUANUCO,YAROWILCA,CHAVINILLO,5271
101102,HUANUCO,YAROWILCA,CAHUAC,610
101103,HUANUCO,YAROWILCA,CHACABAMBA,608
101104,HUANUCO,YAROWILCA,APARICIO POMARES,4192
101105,HUANUCO,YAROWILCA,JACAS CHICO,861
101106,HUANUCO,YAROWILCA,OBAS,2586
101107,HUANUCO,YAROWILCA,PAMPAMARCA,818
101108,HUANUCO,YAROWILCA,CHORAS,1280
110101,ICA,ICA,ICA,18625
110102,ICA,ICA,LA TINGUIÑA,4709
110103,ICA,ICA,LOS AQUIJES,3114
110104,ICA,ICA,OCUCAJE,744
110105,ICA,ICA,PACHACUTEC,1470
110106,ICA,ICA,PARCONA,5228
110107,ICA,ICA,PUEBLO NUEVO,1008
110108,ICA,ICA,SALAS,4036
110109,ICA,ICA,SAN JOSE DE LOS MOLINOS,1432
110110,ICA,ICA,SAN JUAN BAUTISTA,1187
110111,ICA,ICA,SANTIAGO,4960
110112,ICA,ICA,SUBTANJALLA,2688
110113,ICA,ICA,TATE,602
110114,ICA,ICA,YAUCA DEL ROSARIO,293
110201,ICA,CHINCHA,CHINCHA ALTA,13559
110202,ICA,CHINCHA,ALTO LARAN,1266
110203,ICA,CHINCHA,CHAVIN,141
110204,ICA,CHINCHA,CHINCHA BAJA,2675
110205,ICA,CHINCHA,EL CARMEN,2034
110206,ICA,CHINCHA,GROCIO PRADO,3505
110207,ICA,CHINCHA,PUEBLO NUEVO,6668
110208,ICA,CHINCHA,SAN JUAN DE YANAC,143
110209,ICA,CHINCHA,SAN PEDRO DE HUACARPANA,1868
110210,ICA,CHINCHA,SUNAMPE,3373
110211,ICA,CHINCHA,TAMBO DE MORA,507
110301,ICA,NAZCA,NAZCA,4854
110302,ICA,NAZCA,CHANGUILLO,436
110303,ICA,NAZCA,EL INGENIO,676
110304,ICA,NAZCA,MARCONA,2171
110305,ICA,NAZCA,VISTA ALEGRE,2894
110401,ICA,PALPA,PALPA,1466
110402,ICA,PALPA,LLIPATA,220
110403,ICA,PALPA,RIO GRANDE,657
110404,ICA,PALPA,SANTA CRUZ,206
110405,ICA,PALPA,TIBILLO,93
110501,ICA,PISCO,PISCO,8566
110502,ICA,PISCO,HUANCANO,299
110503,ICA,PISCO,HUMAY,1012
110504,ICA,PISCO,INDEPENDENCIA,2390
110505,ICA,PISCO,PARACAS,1058
110506,ICA,PISCO,SAN ANDRES,1721
110507,ICA,PISCO,SAN CLEMENTE,3974
110508,ICA,PISCO,TUPAC AMARU INCA,2438
120101,JUNIN,HUANCAYO,HUANCAYO,13498
120104,JUNIN,HUANCAYO,CARHUACALLANGA,59
120105,JUNIN,HUANCAYO,CHACAPAMPA,386
120106,JUNIN,HUANCAYO,CHICCHE,625
120107,JUNIN,HUANCAYO,CHILCA,7014
120108,JUNIN,HUANCAYO,CHONGOS ALTO,508
120111,JUNIN,HUANCAYO,CHUPURO,360
120112,JUNIN,HUANCAYO,COLCA,2024
120113,JUNIN,HUANCAYO,CULLHUAS,642
120114,JUNIN,HUANCAYO,EL TAMBO,10852
120116,JUNIN,HUANCAYO,HUACRAPUQUIO,619
120117,JUNIN,HUANCAYO,HUALHUAS,638
120119,JUNIN,HUANCAYO,HUANCAN,3037
120120,JUNIN,HUANCAYO,HUASICANCHA,330
120121,JUNIN,HUANCAYO,HUAYUCACHI,1743
120122,JUNIN,HUANCAYO,INGENIO,439
120124,JUNIN,HUANCAYO,PARIAHUANCA,3095
120125,JUNIN,HUANCAYO,PILCOMAYO,2127
120126,JUNIN,HUANCAYO,PUCARA,1613
120127,JUNIN,HUANCAYO,QUICHUAY,487
120128,JUNIN,HUANCAYO,QUILCAS,1432
120129,JUNIN,HUANCAYO,SAN AGUSTIN,1680
120130,JUNIN,HUANCAYO,SAN JERONIMO DE TUNAN,1595
120132,JUNIN,HUANCAYO,SAÑO,712
120133,JUNIN,HUANCAYO,SAPALLANGA,3694
120134,JUNIN,HUANCAYO,SICAYA,2281
120135,JUNIN,HUANCAYO,SANTO DOMINGO DE ACOBAMBA,6724
120136,JUNIN,HUANCAYO,VIQUES,386
120201,JUNIN,CONCEPCION,CONCEPCION,3474
120202,JUNIN,CONCEPCION,ACO,728
120203,JUNIN,CONCEPCION,ANDAMARCA,4872
120204,JUNIN,CONCEPCION,CHAMBARA,3019
120205,JUNIN,CONCEPCION,COCHAS,2859
120206,JUNIN,CONCEPCION,COMAS,5445
120207,JUNIN,CONCEPCION,HEROINAS TOLEDO,360
120208,JUNIN,CONCEPCION,MANZANARES,285
120209,JUNIN,CONCEPCION,MARISCAL CASTILLA,1365
120210,JUNIN,CONCEPCION,MATAHUASI,851
120211,JUNIN,CONCEPCION,MITO,275
120212,JUNIN,CONCEPCION,NUEVE DE JULIO,197
120213,JUNIN,CONCEPCION,ORCOTUNA,1009
120214,JUNIN,CONCEPCION,SAN JOSE DE QUERO,1663
120215,JUNIN,CONCEPCION,SANTA ROSA DE OCOPA,482
120301,JUNIN,CHANCHAMAYO,CHANCHAMAYO,3469
120302,JUNIN,CHANCHAMAYO,PERENE,13289
120303,JUNIN,CHANCHAMAYO,PICHANAQUI,9589
120304,JUNIN,CHANCHAMAYO,SAN LUIS DE SHUARO,1299
120305,JUNIN,CHANCHAMAYO,SAN RAMON,4131
120306,JUNIN,CHANCHAMAYO,VITOC,264
120401,JUNIN,JAUJA,JAUJA,4635
120402,JUNIN,JAUJA,ACOLLA,1514
120403,JUNIN,JAUJA,APATA,1447
120404,JUNIN,JAUJA,ATAURA,147
120405,JUNIN,JAUJA,CANCHAYLLO,351
120406,JUNIN,JAUJA,CURICACA,387
120407,JUNIN,JAUJA,EL MANTARO,563
120408,JUNIN,JAUJA,HUAMALI,331
120409,JUNIN,JAUJA,HUARIPAMPA,151
120410,JUNIN,JAUJA,HUERTAS,242
120411,JUNIN,JAUJA,JANJAILLO,209
120412,JUNIN,JAUJA,JULCAN,282
120413,JUNIN,JAUJA,LEONOR ORDOÑEZ,365
120414,JUNIN,JAUJA,LLOCLLAPAMPA,172
120415,JUNIN,JAUJA,MARCO,564
120416,JUNIN,JAUJA,MASMA,688
120417,JUNIN,JAUJA,MASMA CHICCHE,407
120418,JUNIN,JAUJA,MOLINOS,676
120419,JUNIN,JAUJA,MONOBAMBA,293
120420,JUNIN,JAUJA,MUQUI,180
120421,JUNIN,JAUJA,MUQUIYAUYO,672
120422,JUNIN,JAUJA,PACA,309
120423,JUNIN,JAUJA,PACCHA,549
120424,JUNIN,JAUJA,PANCAN,867
120425,JUNIN,JAUJA,PARCO,255
120426,JUNIN,JAUJA,POMACANCHA,1101
120427,JUNIN,JAUJA,RICRAN,2109
120428,JUNIN,JAUJA,SAN LORENZO,671
120429,JUNIN,JAUJA,SAN PEDRO DE CHUNAN,107
120430,JUNIN,JAUJA,SAUSA,368
120431,JUNIN,JAUJA,SINCOS,1403
120432,JUNIN,JAUJA,TUNAN MARCA,415
120433,JUNIN,JAUJA,YAULI,211
120434,JUNIN,JAUJA,YAUYOS,557
120501,JUNIN,JUNIN,JUNIN,1886
120502,JUNIN,JUNIN,CARHUAMAYO,1752
120503,JUNIN,JUNIN,ONDORES,341
120504,JUNIN,JUNIN,ULCUMAYO,2794
120601,JUNIN,SATIPO,SATIPO,7009
120602,JUNIN,SATIPO,COVIRIALI,944
120603,JUNIN,SATIPO,LLAYLLA,2393
120604,JUNIN,SATIPO,MAZAMARI,12084
120605,JUNIN,SATIPO,PAMPA HERMOSA,1434
120606,JUNIN,SATIPO,PANGOA,21428
120607,JUNIN,SATIPO,RIO NEGRO,7942
120608,JUNIN,SATIPO,RIO TAMBO,21190
120609,JUNIN,SATIPO,VISCATAN DEL ENE,1041
120699,JUNIN,SATIPO,MAZAMARI/PANGOA,1452
120701,JUNIN,TARMA,TARMA,5716
120702,JUNIN,TARMA,ACOBAMBA,1429
120703,JUNIN,TARMA,HUARICOLCA,2429
120704,JUNIN,TARMA,HUASAHUASI,4258
120705,JUNIN,TARMA,LA UNION,620
120706,JUNIN,TARMA,PALCA,1517
120707,JUNIN,TARMA,PALCAMAYO,2853
120708,JUNIN,TARMA,SAN PEDRO DE CAJAS,1149
120709,JUNIN,TARMA,TAPO,2787
120801,JUNIN,YAULI,LA OROYA,2145
120802,JUNIN,YAULI,CHACAPALPA,326
120803,JUNIN,YAULI,HUAY-HUAY,351
120804,JUNIN,YAULI,MARCAPOMACOCHA,187
120805,JUNIN,YAULI,MOROCOCHA,647
120806,JUNIN,YAULI,PACCHA,164
120807,JUNIN,YAULI,SANTA BARBARA DE CARHUACAYAN,144
120808,JUNIN,YAULI,SANTA ROSA DE SACCO,619
120809,JUNIN,YAULI,SUITUCANCHA,221
120810,JUNIN,YAULI,YAULI,482
120901,JUNIN,CHUPACA,CHUPACA,4204
120902,JUNIN,CHUPACA,AHUAC,1450
120903,JUNIN,CHUPACA,CHONGOS BAJO,1129
120904,JUNIN,CHUPACA,HUACHAC,362
120905,JUNIN,CHUPACA,HUAMANCACA CHICO,1132
120906,JUNIN,CHUPACA,SAN JUAN DE ISCOS,586
120907,JUNIN,CHUPACA,SAN JUAN DE JARPA,1033
120908,JUNIN,CHUPACA,TRES DE DICIEMBRE,789
120909,JUNIN,CHUPACA,YANACANCHA,1095
130101,LA LIBERTAD,TRUJILLO,TRUJILLO,25115
130102,LA LIBERTAD,TRUJILLO,EL PORVENIR,25619
130103,LA LIBERTAD,TRUJILLO,FLORENCIA DE MORA,6925
130104,LA LIBERTAD,TRUJILLO,HUANCHACO,8729
130105,LA LIBERTAD,TRUJILLO,LA ESPERANZA,17625
130106,LA LIBERTAD,TRUJILLO,LAREDO,5146
130107,LA LIBERTAD,TRUJILLO,MOCHE,3456
130108,LA LIBERTAD,TRUJILLO,POROTO,1165
130109,LA LIBERTAD,TRUJILLO,SALAVERRY,3200
130110,LA LIBERTAD,TRUJILLO,SIMBAL,1126
130111,LA LIBERTAD,TRUJILLO,VICTOR LARCO HERRERA,4695
130201,LA LIBERTAD,ASCOPE,ASCOPE,1237
130202,LA LIBERTAD,ASCOPE,CHICAMA,2262
130203,LA LIBERTAD,ASCOPE,CHOCOPE,1272
130204,LA LIBERTAD,ASCOPE,MAGDALENA DE CAO,230
130205,LA LIBERTAD,ASCOPE,PAIJAN,5650
130206,LA LIBERTAD,ASCOPE,RAZURI,1883
130207,LA LIBERTAD,ASCOPE,SANTIAGO DE CAO,2516
130208,LA LIBERTAD,ASCOPE,CASA GRANDE,3265
130301,LA LIBERTAD,BOLIVAR,BOLIVAR,2339
130302,LA LIBERTAD,BOLIVAR,BAMBAMARCA,2427
130303,LA LIBERTAD,BOLIVAR,CONDORMARCA,1211
130304,LA LIBERTAD,BOLIVAR,LONGOTEA,1180
130305,LA LIBERTAD,BOLIVAR,UCHUMARCA,1439
130306,LA LIBERTAD,BOLIVAR,UCUNCHA,530
130401,LA LIBERTAD,CHEPEN,CHEPEN,9458
130402,LA LIBERTAD,CHEPEN,PACANGA,5620
130403,LA LIBERTAD,CHEPEN,PUEBLO NUEVO,3321
130501,LA LIBERTAD,JULCAN,JULCAN,6649
130502,LA LIBERTAD,JULCAN,CALAMARCA,6683
130503,LA LIBERTAD,JULCAN,CARABAMBA,3429
130504,LA LIBERTAD,JULCAN,HUASO,4976
130601,LA LIBERTAD,OTUZCO,OTUZCO,15189
130602,LA LIBERTAD,OTUZCO,AGALLPAMPA,5247
130604,LA LIBERTAD,OTUZCO,CHARAT,1077
130605,LA LIBERTAD,OTUZCO,HUARANCHAL,2119
130606,LA LIBERTAD,OTUZCO,LA CUESTA,336
130608,LA LIBERTAD,OTUZCO,MACHE,1439
130610,LA LIBERTAD,OTUZCO,PARANDAY,276
130611,LA LIBERTAD,OTUZCO,SALPO,2418
130613,LA LIBERTAD,OTUZCO,SINSICAP,4674
130614,LA LIBERTAD,OTUZCO,USQUIL,14787
130701,LA LIBERTAD,PACASMAYO,SAN PEDRO DE LLOC,2655
130702,LA LIBERTAD,PACASMAYO,GUADALUPE,8186
130703,LA LIBERTAD,PACASMAYO,JEQUETEPEQUE,665
130704,LA LIBERTAD,PACASMAYO,PACASMAYO,4088
130705,LA LIBERTAD,PACASMAYO,SAN JOSE,3923
130801,LA LIBERTAD,PATAZ,TAYABAMBA,7676
130802,LA LIBERTAD,PATAZ,BULDIBUYO,2378
130803,LA LIBERTAD,PATAZ,CHILLIA,9159
130804,LA LIBERTAD,PATAZ,HUANCASPATA,3591
130805,LA LIBERTAD,PATAZ,HUAYLILLAS,597
130806,LA LIBERTAD,PATAZ,HUAYO,2369
130807,LA LIBERTAD,PATAZ,ONGON,684
130808,LA LIBERTAD,PATAZ,PARCOY,6397
130809,LA LIBERTAD,PATAZ,PATAZ,2795
130810,LA LIBERTAD,PATAZ,PIAS,765
130811,LA LIBERTAD,PATAZ,SANTIAGO DE CHALLAS,1362
130812,LA LIBERTAD,PATAZ,TAURIJA,3386
130813,LA LIBERTAD,PATAZ,URPAY,1674
130901,LA LIBERTAD,SANCHEZ CARRION,HUAMACHUCO,23760
130902,LA LIBERTAD,SANCHEZ CARRION,CHUGAY,12209
130903,LA LIBERTAD,SANCHEZ CARRION,COCHORCO,6108
130904,LA LIBERTAD,SANCHEZ CARRION,CURGOS,8291
130905,LA LIBERTAD,SANCHEZ CARRION,MARCABAL,9538
130906,LA LIBERTAD,SANCHEZ CARRION,SANAGORAN,9635
130907,LA LIBERTAD,SANCHEZ CARRION,SARIN,7679
130908,LA LIBERTAD,SANCHEZ CARRION,SARTIMBAMBA,9385
131001,LA LIBERTAD,SANTIAGO DE CHUCO,SANTIAGO DE CHUCO,11797
131002,LA LIBERTAD,SANTIAGO DE CHUCO,ANGASMARCA,2200
131003,LA LIBERTAD,SANTIAGO DE CHUCO,CACHICADAN,4358
131004,LA LIBERTAD,SANTIAGO DE CHUCO,MOLLEBAMBA,960
131005,LA LIBERTAD,SANTIAGO DE CHUCO,MOLLEPATA,1154
131006,LA LIBERTAD,SANTIAGO DE CHUCO,QUIRUVILCA,4700
131007,LA LIBERTAD,SANTIAGO DE CHUCO,SANTA CRUZ DE CHUCA,3290
131008,LA LIBERTAD,SANTIAGO DE CHUCO,SITABAMBA,3556
131101,LA LIBERTAD,GRAN CHIMU,CASCAS,4529
131102,LA LIBERTAD,GRAN CHIMU,LUCMA,4500
131103,LA LIBERTAD,GRAN CHIMU,MARMOT,955
131104,LA LIBERTAD,GRAN CHIMU,SAYAPULLO,3160
131201,LA LIBERTAD,VIRU,VIRU,12059
131202,LA LIBERTAD,VIRU,CHAO,9371
131203,LA LIBERTAD,VIRU,GUADALUPITO,2119
140101,LAMBAYEQUE,CHICLAYO,CHICLAYO,12264
140102,LAMBAYEQUE,CHICLAYO,CHONGOYAPE,2970
140103,LAMBAYEQUE,CHICLAYO,ETEN,1840
140104,LAMBAYEQUE,CHICLAYO,ETEN PUERTO,149
140105,LAMBAYEQUE,CHICLAYO,JOSE LEONARDO ORTIZ,9690
140106,LAMBAYEQUE,CHICLAYO,LA VICTORIA,3266
140107,LAMBAYEQUE,CHICLAYO,LAGUNAS,1962
140108,LAMBAYEQUE,CHICLAYO,MONSEFU,5155
140109,LAMBAYEQUE,CHICLAYO,NUEVA ARICA,528
140110,LAMBAYEQUE,CHICLAYO,OYOTUN,1376
140111,LAMBAYEQUE,CHICLAYO,PICSI,1067
140112,LAMBAYEQUE,CHICLAYO,PIMENTEL,3441
140113,LAMBAYEQUE,CHICLAYO,REQUE,2672
140114,LAMBAYEQUE,CHICLAYO,SANTA ROSA,1095
140115,LAMBAYEQUE,CHICLAYO,SAÑA,1903
140116,LAMBAYEQUE,CHICLAYO,CAYALTI,2004
140117,LAMBAYEQUE,CHICLAYO,PATAPO,2341
140118,LAMBAYEQUE,CHICLAYO,POMALCA,2772
140119,LAMBAYEQUE,CHICLAYO,PUCALA,961
140120,LAMBAYEQUE,CHICLAYO,TUMAN,2815
140201,LAMBAYEQUE,FERREÑAFE,FERREÑAFE,6658
140202,LAMBAYEQUE,FERREÑAFE,CAÑARIS,10196
140203,LAMBAYEQUE,FERREÑAFE,INCAHUASI,10588
140204,LAMBAYEQUE,FERREÑAFE,MANUEL ANTONIO MESONES MURO,628
140205,LAMBAYEQUE,FERREÑAFE,PITIPO,4032
140206,LAMBAYEQUE,FERREÑAFE,PUEBLO NUEVO,1595
140301,LAMBAYEQUE,LAMBAYEQUE,LAMBAYEQUE,10163
140302,LAMBAYEQUE,LAMBAYEQUE,CHOCHOPE,595
140303,LAMBAYEQUE,LAMBAYEQUE,ILLIMO,2488
140304,LAMBAYEQUE,LAMBAYEQUE,JAYANCA,3962
140305,LAMBAYEQUE,LAMBAYEQUE,MOCHUMI,3952
140306,LAMBAYEQUE,LAMBAYEQUE,MORROPE,16669
140307,LAMBAYEQUE,LAMBAYEQUE,MOTUPE,5316
140308,LAMBAYEQUE,LAMBAYEQUE,OLMOS,10084
140309,LAMBAYEQUE,LAMBAYEQUE,PACORA,1880
140310,LAMBAYEQUE,LAMBAYEQUE,SALAS,9238
140311,LAMBAYEQUE,LAMBAYEQUE,SAN JOSE,2519
140312,LAMBAYEQUE,LAMBAYEQUE,TUCUME,4095
150101,LIMA,LIMA,LIMA,18663
150102,LIMA,LIMA,ANCON,5797
150103,LIMA,LIMA,ATE,46306
150104,LIMA,LIMA,BARRANCO,1618
150105,LIMA,LIMA,BREÑA,3514
150106,LIMA,LIMA,CARABAYLLO,22302
150107,LIMA,LIMA,CHACLACAYO,4542
150108,LIMA,LIMA,CHORRILLOS,15251
150109,LIMA,LIMA,CIENEGUILLA,2580
150110,LIMA,LIMA,COMAS,33592
150111,LIMA,LIMA,EL AGUSTINO,16351
150112,LIMA,LIMA,INDEPENDENCIA,17554
150113,LIMA,LIMA,JESUS MARIA,1069
150114,LIMA,LIMA,LA MOLINA,5081
150115,LIMA,LIMA,LA VICTORIA,11282
150116,LIMA,LIMA,LINCE,1561
150117,LIMA,LIMA,LOS OLIVOS,20595
150118,LIMA,LIMA,LURIGANCHO,19663
150119,LIMA,LIMA,LURIN,5664
150120,LIMA,LIMA,MAGDALENA DEL MAR,1882
150121,LIMA,LIMA,PUEBLO LIBRE,1424
150122,LIMA,LIMA,MIRAFLORES,569
150123,LIMA,LIMA,PACHACAMAC,11024
150124,LIMA,LIMA,PUCUSANA,1093
150125,LIMA,LIMA,PUENTE PIEDRA,30447
150126,LIMA,LIMA,PUNTA HERMOSA,423
150127,LIMA,LIMA,PUNTA NEGRA,428
150128,LIMA,LIMA,RIMAC,15276
150129,LIMA,LIMA,SAN BARTOLO,54
150130,LIMA,LIMA,SAN BORJA,2259
150131,LIMA,LIMA,SAN ISIDRO,310
150132,LIMA,LIMA,SAN JUAN DE LURIGANCHO,77472
150133,LIMA,LIMA,SAN JUAN DE MIRAFLORES,19530
150134,LIMA,LIMA,SAN LUIS,1741
150135,LIMA,LIMA,SAN MARTIN DE PORRES,25252
150136,LIMA,LIMA,SAN MIGUEL,2839
150137,LIMA,LIMA,SANTA ANITA,15621
150138,LIMA,LIMA,SANTA MARIA DEL MAR,4
150139,LIMA,LIMA,SANTA ROSA,1065
150140,LIMA,LIMA,SANTIAGO DE SURCO,4188
150141,LIMA,LIMA,SURQUILLO,2551
150142,LIMA,LIMA,VILLA EL SALVADOR,26191
150143,LIMA,LIMA,VILLA MARIA DEL TRIUNFO,30056
150201,LIMA,BARRANCA,BARRANCA,9339
150202,LIMA,BARRANCA,PARAMONGA,2471
150203,LIMA,BARRANCA,PATIVILCA,2857
150204,LIMA,BARRANCA,SUPE,4347
150205,LIMA,BARRANCA,SUPE PUERTO,1510
150301,LIMA,CAJATAMBO,CAJATAMBO,906
150302,LIMA,CAJATAMBO,COPA,460
150303,LIMA,CAJATAMBO,GORGOR,920
150304,LIMA,CAJATAMBO,HUANCAPON,522
150305,LIMA,CAJATAMBO,MANAS,313
150401,LIMA,CANTA,CANTA,447
150402,LIMA,CANTA,ARAHUAY,92
150403,LIMA,CANTA,HUAMANTANGA,123
150404,LIMA,CANTA,HUAROS,124
150405,LIMA,CANTA,LACHAQUI,122
150406,LIMA,CANTA,SAN BUENAVENTURA,61
150407,LIMA,CANTA,SANTA ROSA DE QUIVES,1516
150501,LIMA,CAÑETE,SAN VICENTE DE CAÑETE,7757
150502,LIMA,CAÑETE,ASIA,1291
150503,LIMA,CAÑETE,CALANGO,298
150504,LIMA,CAÑETE,CERRO AZUL,1043
150505,LIMA,CAÑETE,CHILCA,2582
150506,LIMA,CAÑETE,COAYLLO,178
150507,LIMA,CAÑETE,IMPERIAL,6459
150508,LIMA,CAÑETE,LUNAHUANA,709
150509,LIMA,CAÑETE,MALA,3959
150510,LIMA,CAÑETE,NUEVO IMPERIAL,4030
150511,LIMA,CAÑETE,PACARAN,409
150512,LIMA,CAÑETE,QUILMANA,2266
150513,LIMA,CAÑETE,SAN ANTONIO,613
150514,LIMA,CAÑETE,SAN LUIS,1947
150515,LIMA,CAÑETE,SANTA CRUZ DE FLORES,324
150516,LIMA,CAÑETE,ZUÑIGA,326
150601,LIMA,HUARAL,HUARAL,12617
150602,LIMA,HUARAL,ATAVILLOS ALTO,157
150603,LIMA,HUARAL,ATAVILLOS BAJO,152
150604,LIMA,HUARAL,AUCALLAMA,2647
150605,LIMA,HUARAL,CHANCAY,8413
150606,LIMA,HUARAL,IHUARI,554
150607,LIMA,HUARAL,LAMPIAN,64
150608,LIMA,HUARAL,PACARAOS,205
150609,LIMA,HUARAL,SAN MIGUEL DE ACOS,161
150610,LIMA,HUARAL,SANTA CRUZ DE ANDAMARCA,57
150611,LIMA,HUARAL,SUMBILCA,105
150612,LIMA,HUARAL,VEINTISIETE DE NOVIEMBRE,124
150701,LIMA,HUAROCHIRI,MATUCANA,754
150702,LIMA,HUAROCHIRI,ANTIOQUIA,248
150703,LIMA,HUAROCHIRI,CALLAHUANCA,105
150704,LIMA,HUAROCHIRI,CARAMPOMA,61
150705,LIMA,HUAROCHIRI,CHICLA,612
150706,LIMA,HUAROCHIRI,CUENCA,140
150707,LIMA,HUAROCHIRI,HUACHUPAMPA,58
150708,LIMA,HUAROCHIRI,HUANZA,1734
150709,LIMA,HUAROCHIRI,HUAROCHIRI,317
150710,LIMA,HUAROCHIRI,LAHUAYTAMBO,104
150711,LIMA,HUAROCHIRI,LANGA,380
150712,LIMA,HUAROCHIRI,LARAOS,64
150713,LIMA,HUAROCHIRI,MARIATANA,314
150714,LIMA,HUAROCHIRI,RICARDO PALMA,956
150715,LIMA,HUAROCHIRI,SAN ANDRES DE TUPICOCHA,499
150716,LIMA,HUAROCHIRI,SAN ANTONIO,6930
150717,LIMA,HUAROCHIRI,SAN BARTOLOME,148
150718,LIMA,HUAROCHIRI,SAN DAMIAN,489
150719,LIMA,HUAROCHIRI,SAN JUAN DE IRIS,43
150720,LIMA,HUAROCHIRI,SAN JUAN DE TANTARANCHE,1755
150721,LIMA,HUAROCHIRI,SAN LORENZO DE QUINTI,264
150722,LIMA,HUAROCHIRI,SAN MATEO,804
150723,LIMA,HUAROCHIRI,SAN MATEO DE OTAO,166
150724,LIMA,HUAROCHIRI,SAN PEDRO DE CASTA,174
150725,LIMA,HUAROCHIRI,SAN PEDRO DE HUANCAYRE,42
150726,LIMA,HUAROCHIRI,SANGALLAYA,1859
150727,LIMA,HUAROCHIRI,SANTA CRUZ DE COCACHACRA,421
150728,LIMA,HUAROCHIRI,SANTA EULALIA,1269
150729,LIMA,HUAROCHIRI,SANTIAGO DE ANCHUCAYA,76
150730,LIMA,HUAROCHIRI,SANTIAGO DE TUNA,126
150731,LIMA,HUAROCHIRI,SANTO DOMINGO DE LOS OLLEROS,648
150732,LIMA,HUAROCHIRI,SURCO,204
150801,LIMA,HUAURA,HUACHO,5524
150802,LIMA,HUAURA,AMBAR,952
150803,LIMA,HUAURA,CALETA DE CARQUIN,850
150804,LIMA,HUAURA,CHECRAS,371
150805,LIMA,HUAURA,HUALMAY,2404
150806,LIMA,HUAURA,HUAURA,4652
150807,LIMA,HUAURA,LEONCIO PRADO,452
150808,LIMA,HUAURA,PACCHO,2061
150809,LIMA,HUAURA,SANTA LEONOR,1905
150810,LIMA,HUAURA,SANTA MARIA,5131
150811,LIMA,HUAURA,SAYAN,3415
150812,LIMA,HUAURA,VEGUETA,4362
150901,LIMA,OYON,OYON,2927
150902,LIMA,OYON,ANDAJES,141
150903,LIMA,OYON,CAUJUL,1804
150904,LIMA,OYON,COCHAMARCA,480
150905,LIMA,OYON,NAVAN,247
150906,LIMA,OYON,PACHANGARA,794
151001,LIMA,YAUYOS,YAUYOS,433
151002,LIMA,YAUYOS,ALIS,86
151003,LIMA,YAUYOS,ALLAUCA,265
151004,LIMA,YAUYOS,AYAVIRI,123
151005,LIMA,YAUYOS,AZANGARO,186
151006,LIMA,YAUYOS,CACRA,121
151007,LIMA,YAUYOS,CARANIA,52
151008,LIMA,YAUYOS,CATAHUASI,279
151009,LIMA,YAUYOS,CHOCOS,362
151010,LIMA,YAUYOS,COCHAS,41
151011,LIMA,YAUYOS,COLONIA,1455
151012,LIMA,YAUYOS,HONGOS,172
151013,LIMA,YAUYOS,HUAMPARA,30
151014,LIMA,YAUYOS,HUANCAYA,65
151015,LIMA,YAUYOS,HUANGASCAR,205
151016,LIMA,YAUYOS,HUANTAN,1902
151017,LIMA,YAUYOS,HUAÑEC,64
151018,LIMA,YAUYOS,LARAOS,95
151019,LIMA,YAUYOS,LINCHA,195
151020,LIMA,YAUYOS,MADEAN,1991
151021,LIMA,YAUYOS,MIRAFLORES,66
151022,LIMA,YAUYOS,OMAS,120
151023,LIMA,YAUYOS,PUTINZA,117
151024,LIMA,YAUYOS,QUINCHES,209
151025,LIMA,YAUYOS,QUINOCAY,101
151026,LIMA,YAUYOS,SAN JOAQUIN,11
151027,LIMA,YAUYOS,SAN PEDRO DE PILAS,78
151028,LIMA,YAUYOS,TANTA,95
151029,LIMA,YAUYOS,TAURIPAMPA,105
151030,LIMA,YAUYOS,TOMAS,135
151031,LIMA,YAUYOS,TUPE,963
151032,LIMA,YAUYOS,VIÑAC,1580
151033,LIMA,YAUYOS,VITIS,96
160101,LORETO,MAYNAS,IQUITOS,29771
160102,LORETO,MAYNAS,ALTO NANAY,2249
160103,LORETO,MAYNAS,FERNANDO LORES,10586
160104,LORETO,MAYNAS,INDIANA,6852
160105,LORETO,MAYNAS,LAS AMAZONAS,5504
160106,LORETO,MAYNAS,MAZAN,9227
160107,LORETO,MAYNAS,NAPO,10734
160108,LORETO,MAYNAS,PUNCHANA,18662
160110,LORETO,MAYNAS,TORRES CAUSANA,5015
160112,LORETO,MAYNAS,BELEN,15910
160113,LORETO,MAYNAS,SAN JUAN BAUTISTA,35070
160201,LORETO,ALTO AMAZONAS,YURIMAGUAS,36926
160202,LORETO,ALTO AMAZONAS,BALSAPUERTO,15563
160205,LORETO,ALTO AMAZONAS,JEBEROS,3278
160206,LORETO,ALTO AMAZONAS,LAGUNAS,9677
160210,LORETO,ALTO AMAZONAS,SANTA CRUZ,2584
160211,LORETO,ALTO AMAZONAS,TENIENTE CESAR LOPEZ ROJAS,4069
160301,LORETO,LORETO,NAUTA,24960
160302,LORETO,LORETO,PARINARI,5672
160303,LORETO,LORETO,TIGRE,6781
160304,LORETO,LORETO,TROMPETEROS,8297
160305,LORETO,LORETO,URARINAS,9506
160401,LORETO,MARISCAL RAMON CASTILLA,RAMON CASTILLA,13945
160402,LORETO,MARISCAL RAMON CASTILLA,PEBAS,8743
160403,LORETO,MARISCAL RAMON CASTILLA,YAVARI,7440
160404,LORETO,MARISCAL RAMON CASTILLA,SAN PABLO,6439
160501,LORETO,REQUENA,REQUENA,13901
160502,LORETO,REQUENA,ALTO TAPICHE,817
160503,LORETO,REQUENA,CAPELO,2039
160504,LORETO,REQUENA,EMILIO SAN MARTIN,4248
160505,LORETO,REQUENA,MAQUIA,5673
160506,LORETO,REQUENA,PUINAHUA,3351
160507,LORETO,REQUENA,SAQUENA,2833
160508,LORETO,REQUENA,SOPLIN,481
160509,LORETO,REQUENA,TAPICHE,486
160510,LORETO,REQUENA,JENARO HERRERA,3720
160511,LORETO,REQUENA,YAQUERANA,2472
160601,LORETO,UCAYALI,CONTAMANA,12897
160602,LORETO,UCAYALI,INAHUAYA,1078
160603,LORETO,UCAYALI,PADRE MARQUEZ,4517
160604,LORETO,UCAYALI,PAMPA HERMOSA,5887
160605,LORETO,UCAYALI,SARAYACU,11061
160606,LORETO,UCAYALI,VARGAS GUERRA,4815
160701,LORETO,DATEM DEL MARAÑON,BARRANCA,10227
160702,LORETO,DATEM DEL MARAÑON,CAHUAPANAS,6983
160703,LORETO,DATEM DEL MARAÑON,MANSERICHE,10216
160704,LORETO,DATEM DEL MARAÑON,MORONA,8246
160705,LORETO,DATEM DEL MARAÑON,PASTAZA,7471
160706,LORETO,DATEM DEL MARAÑON,ANDOAS,9658
160801,LORETO,PUTUMAYO,PUTUMAYO,3454
160802,LORETO,PUTUMAYO,ROSA PADURO,386
160803,LORETO,PUTUMAYO,TENIENTE MANUEL CLAVERO,3417
160804,LORETO,PUTUMAYO,YAGUAS,1123
170101,MADRE DE DIOS,TAMBOPATA,TAMBOPATA,18453
170102,MADRE DE DIOS,TAMBOPATA,INAMBARI,4276
170103,MADRE DE DIOS,TAMBOPATA,LAS PIEDRAS,3105
170104,MADRE DE DIOS,TAMBOPATA,LABERINTO,2266
170201,MADRE DE DIOS,MANU,MANU,1035
170202,MADRE DE DIOS,MANU,FITZCARRALD,2550
170203,MADRE DE DIOS,MANU,MADRE DE DIOS,1930
170204,MADRE DE DIOS,MANU,HUEPETUHE,1911
170301,MADRE DE DIOS,TAHUAMANU,IÑAPARI,586
170302,MADRE DE DIOS,TAHUAMANU,IBERIA,1451
170303,MADRE DE DIOS,TAHUAMANU,TAHUAMANU,826
180101,MOQUEGUA,MARISCAL NIETO,MOQUEGUA,9716
180102,MOQUEGUA,MARISCAL NIETO,CARUMAS,1995
180103,MOQUEGUA,MARISCAL NIETO,CUCHUMBAYA,181
180104,MOQUEGUA,MARISCAL NIETO,SAMEGUA,1380
180105,MOQUEGUA,MARISCAL NIETO,SAN CRISTOBAL,2090
180106,MOQUEGUA,MARISCAL NIETO,TORATA,657
180201,MOQUEGUA,GENERAL SANCHEZ CERRO,OMATE,503
180202,MOQUEGUA,GENERAL SANCHEZ CERRO,CHOJATA,396
180203,MOQUEGUA,GENERAL SANCHEZ CERRO,COALAQUE,192
180204,MOQUEGUA,GENERAL SANCHEZ CERRO,ICHUÑA,635
180205,MOQUEGUA,GENERAL SANCHEZ CERRO,LA CAPILLA,94
180206,MOQUEGUA,GENERAL SANCHEZ CERRO,LLOQUE,109
180207,MOQUEGUA,GENERAL SANCHEZ CERRO,MATALAQUE,133
180208,MOQUEGUA,GENERAL SANCHEZ CERRO,PUQUINA,555
180209,MOQUEGUA,GENERAL SANCHEZ CERRO,QUINISTAQUILLAS,64
180210,MOQUEGUA,GENERAL SANCHEZ CERRO,UBINAS,789
180211,MOQUEGUA,GENERAL SANCHEZ CERRO,YUNGA,112
180301,MOQUEGUA,ILO,ILO,9497
180302,MOQUEGUA,ILO,EL ALGARROBAL,151
180303,MOQUEGUA,ILO,PACOCHA,591
190101,PASCO,PASCO,CHAUPIMARCA,5748
190102,PASCO,PASCO,HUACHON,3269
190103,PASCO,PASCO,HUARIACA,1515
190104,PASCO,PASCO,HUAYLLAY,1616
190105,PASCO,PASCO,NINACACA,3523
190106,PASCO,PASCO,PALLANCHACRA,717
190107,PASCO,PASCO,PAUCARTAMBO,5150
190108,PASCO,PASCO,SAN FRANCISCO DE ASIS DE YARUSYACAN,1196
190109,PASCO,PASCO,SIMON BOLIVAR,1949
190110,PASCO,PASCO,TICLACAYAN,2651
190111,PASCO,PASCO,TINYAHUARCO,1063
190112,PASCO,PASCO,VICCO,756
190113,PASCO,PASCO,YANACANCHA,4341
190201,PASCO,DANIEL ALCIDES CARRION,YANAHUANCA,5522
190202,PASCO,DANIEL ALCIDES CARRION,CHACAYAN,2433
190203,PASCO,DANIEL ALCIDES CARRION,GOYLLARISQUIZGA,132
190204,PASCO,DANIEL ALCIDES CARRION,PAUCAR,2894
190205,PASCO,DANIEL ALCIDES CARRION,SAN PEDRO DE PILLAO,495
190206,PASCO,DANIEL ALCIDES CARRION,SANTA ANA DE TUSI,2428
190207,PASCO,DANIEL ALCIDES CARRION,TAPUC,944
190208,PASCO,DANIEL ALCIDES CARRION,VILCABAMBA,475
190301,PASCO,OXAPAMPA,OXAPAMPA,3523
190302,PASCO,OXAPAMPA,CHONTABAMBA,544
190303,PASCO,OXAPAMPA,HUANCABAMBA,3679
190304,PASCO,OXAPAMPA,PALCAZU,5334
190305,PASCO,OXAPAMPA,POZUZO,2170
190306,PASCO,OXAPAMPA,PUERTO BERMUDEZ,15708
190307,PASCO,OXAPAMPA,VILLA RICA,7133
190308,PASCO,OXAPAMPA,CONSTITUCION,6961
200101,PIURA,PIURA,PIURA,14530
200104,PIURA,PIURA,CASTILLA,18255
200105,PIURA,PIURA,CATACAOS,22007
200107,PIURA,PIURA,CURA MORI,11671
200108,PIURA,PIURA,EL TALLAN,4471
200109,PIURA,PIURA,LA ARENA,20230
200110,PIURA,PIURA,LA UNION,16516
200111,PIURA,PIURA,LAS LOMAS,14934
200114,PIURA,PIURA,TAMBO GRANDE,39250
200115,PIURA,PIURA,VEINTISEIS DE OCTUBRE,15784
200201,PIURA,AYABACA,AYABACA,24654
200202,PIURA,AYABACA,FRIAS,13673
200203,PIURA,AYABACA,JILILI,1545
200204,PIURA,AYABACA,LAGUNAS,4387
200205,PIURA,AYABACA,MONTERO,3716
200206,PIURA,AYABACA,PACAIPAMPA,20032
200207,PIURA,AYABACA,PAIMAS,5758
200208,PIURA,AYABACA,SAPILLICA,7891
200209,PIURA,AYABACA,SICCHEZ,908
200210,PIURA,AYABACA,SUYO,6612
200301,PIURA,HUANCABAMBA,HUANCABAMBA,20666
200302,PIURA,HUANCABAMBA,CANCHAQUE,3893
200303,PIURA,HUANCABAMBA,EL CARMEN DE LA FRONTERA,7795
200304,PIURA,HUANCABAMBA,HUARMACA,24488
200305,PIURA,HUANCABAMBA,LALAQUIZ,5954
200306,PIURA,HUANCABAMBA,SAN MIGUEL DE EL FAIQUE,5219
200307,PIURA,HUANCABAMBA,SONDOR,4388
200308,PIURA,HUANCABAMBA,SONDORILLO,7363
200401,PIURA,MORROPON,CHULUCANAS,28413
200402,PIURA,MORROPON,BUENOS AIRES,3732
200403,PIURA,MORROPON,CHALACO,4852
200404,PIURA,MORROPON,LA MATANZA,9464
200405,PIURA,MORROPON,MORROPON,5665
200406,PIURA,MORROPON,SALITRAL,4238
200407,PIURA,MORROPON,SAN JUAN DE BIGOTE,4184
200408,PIURA,MORROPON,SANTA CATALINA DE MOSSA,1738
200409,PIURA,MORROPON,SANTO DOMINGO,3157
200410,PIURA,MORROPON,YAMANGO,9730
200501,PIURA,PAITA,PAITA,13282
200502,PIURA,PAITA,AMOTAPE,694
200503,PIURA,PAITA,ARENAL,307
200504,PIURA,PAITA,COLAN,6015
200505,PIURA,PAITA,LA HUACA,2835
200506,PIURA,PAITA,TAMARINDO,2021
200507,PIURA,PAITA,VICHAYAL,2764
200601,PIURA,SULLANA,SULLANA,26515
200602,PIURA,SULLANA,BELLAVISTA,4554
200603,PIURA,SULLANA,IGNACIO ESCUDERO,7435
200604,PIURA,SULLANA,LANCONES,8779
200605,PIURA,SULLANA,MARCAVELICA,4876
200606,PIURA,SULLANA,MIGUEL CHECA,4159
200607,PIURA,SULLANA,QUERECOTILLO,9694
200608,PIURA,SULLANA,SALITRAL,1135
200701,PIURA,TALARA,PARIÑAS,11176
200702,PIURA,TALARA,EL ALTO,1139
200703,PIURA,TALARA,LA BREA,1534
200704,PIURA,TALARA,LOBITOS,220
200705,PIURA,TALARA,LOS ORGANOS,1480
200706,PIURA,TALARA,MANCORA,3306
200801,PIURA,SECHURA,SECHURA,7845
200802,PIURA,SECHURA,BELLAVISTA DE LA UNION,1564
200803,PIURA,SECHURA,BERNAL,2504
200804,PIURA,SECHURA,CRISTO NOS VALGA,1930
200805,PIURA,SECHURA,VICE,5417
200806,PIURA,SECHURA,RINCONADA LLICUAR,614
210101,PUNO,PUNO,PUNO,18200
210102,PUNO,PUNO,ACORA,8917
210103,PUNO,PUNO,AMANTANI,1928
210104,PUNO,PUNO,ATUNCOLLA,2143
210105,PUNO,PUNO,CAPACHICA,4632
210106,PUNO,PUNO,CHUCUITO,2976
210107,PUNO,PUNO,COATA,2496
210108,PUNO,PUNO,HUATA,1268
210109,PUNO,PUNO,MAÑAZO,1856
210110,PUNO,PUNO,PAUCARCOLLA,3573
210111,PUNO,PUNO,PICHACANI,4239
210112,PUNO,PUNO,PLATERIA,4041
210113,PUNO,PUNO,SAN ANTONIO,409
210114,PUNO,PUNO,TIQUILLACA,503
210115,PUNO,PUNO,VILQUE,845
210201,PUNO,AZANGARO,AZANGARO,11136
210202,PUNO,AZANGARO,ACHAYA,1238
210203,PUNO,AZANGARO,ARAPA,2869
210204,PUNO,AZANGARO,ASILLO,7234
210205,PUNO,AZANGARO,CAMINACA,1507
210206,PUNO,AZANGARO,CHUPA,2728
210207,PUNO,AZANGARO,JOSE DOMINGO CHOQUEHUANCA,1806
210208,PUNO,AZANGARO,MUÑANI,5246
210209,PUNO,AZANGARO,POTONI,1876
210210,PUNO,AZANGARO,SAMAN,6181
210211,PUNO,AZANGARO,SAN ANTON,2957
210212,PUNO,AZANGARO,SAN JOSE,2709
210213,PUNO,AZANGARO,SAN JUAN DE SALINAS,2734
210214,PUNO,AZANGARO,SANTIAGO DE PUPUJA,1972
210215,PUNO,AZANGARO,TIRAPATA,1739
210301,PUNO,CARABAYA,MACUSANI,6328
210302,PUNO,CARABAYA,AJOYANI,751
210303,PUNO,CARABAYA,AYAPATA,4848
210304,PUNO,CARABAYA,COASA,2875
210305,PUNO,CARABAYA,CORANI,5562
210306,PUNO,CARABAYA,CRUCERO,3918
210307,PUNO,CARABAYA,ITUATA,4997
210308,PUNO,CARABAYA,OLLACHEA,3651
210309,PUNO,CARABAYA,SAN GABAN,1551
210310,PUNO,CARABAYA,USICAYOS,3292
210401,PUNO,CHUCUITO,JULI,7029
210402,PUNO,CHUCUITO,DESAGUADERO,3351
210403,PUNO,CHUCUITO,HUACULLANI,2435
210404,PUNO,CHUCUITO,KELLUYO,2578
210405,PUNO,CHUCUITO,PISACOMA,1339
210406,PUNO,CHUCUITO,POMATA,5008
210407,PUNO,CHUCUITO,ZEPITA,8619
210501,PUNO,EL COLLAO,ILAVE,15043
210502,PUNO,EL COLLAO,CAPAZO,601
210503,PUNO,EL COLLAO,PILCUYO,2844
210504,PUNO,EL COLLAO,SANTA ROSA,1374
210505,PUNO,EL COLLAO,CONDURIRI,1157
210601,PUNO,HUANCANE,HUANCANE,7172
210602,PUNO,HUANCANE,COJATA,2218
210603,PUNO,HUANCANE,HUATASANI,1045
210604,PUNO,HUANCANE,INCHUPALLA,1246
210605,PUNO,HUANCANE,PUSI,1739
210606,PUNO,HUANCANE,ROSASPATA,2238
210607,PUNO,HUANCANE,TARACO,4305
210608,PUNO,HUANCANE,VILQUE CHICO,3403
210701,PUNO,LAMPA,LAMPA,5127
210702,PUNO,LAMPA,CABANILLA,961
210703,PUNO,LAMPA,CALAPUJA,532
210704,PUNO,LAMPA,NICASIO,1352
210705,PUNO,LAMPA,OCUVIRI,1124
210706,PUNO,LAMPA,PALCA,969
210707,PUNO,LAMPA,PARATIA,1283
210708,PUNO,LAMPA,PUCARA,2463
210709,PUNO,LAMPA,SANTA LUCIA,2479
210710,PUNO,LAMPA,VILAVILA,247
210801,PUNO,MELGAR,AYAVIRI,6220
210802,PUNO,MELGAR,ANTAUTA,1888
210803,PUNO,MELGAR,CUPI,1311
210804,PUNO,MELGAR,LLALLI,1169
210805,PUNO,MELGAR,MACARI,4856
210806,PUNO,MELGAR,NUÑOA,6333
210807,PUNO,MELGAR,ORURILLO,6366
210808,PUNO,MELGAR,SANTA ROSA,3255
210809,PUNO,MELGAR,UMACHIRI,1098
210901,PUNO,MOHO,MOHO,6612
210902,PUNO,MOHO,CONIMA,5918
210903,PUNO,MOHO,HUAYRAPATA,1858
210904,PUNO,MOHO,TILALI,1013
211001,PUNO,SAN ANTONIO DE PUTINA,PUTINA,4738
211002,PUNO,SAN ANTONIO DE PUTINA,ANANEA,2044
211003,PUNO,SAN ANTONIO DE PUTINA,PEDRO VILCA APAZA,2733
211004,PUNO,SAN ANTONIO DE PUTINA,QUILCAPUNCU,2547
211005,PUNO,SAN ANTONIO DE PUTINA,SINA,638
211101,PUNO,SAN ROMAN,JULIACA,34314
211102,PUNO,SAN ROMAN,CABANA,1052
211103,PUNO,SAN ROMAN,CABANILLAS,1340
211104,PUNO,SAN ROMAN,CARACOTO,2619
211105,PUNO,SAN ROMAN,SAN MIGUEL,6526
211201,PUNO,SANDIA,SANDIA,4568
211202,PUNO,SANDIA,CUYOCUYO,4927
211203,PUNO,SANDIA,LIMBANI,1112
211204,PUNO,SANDIA,PATAMBUCO,3489
211205,PUNO,SANDIA,PHARA,1775
211206,PUNO,SANDIA,QUIACA,991
211207,PUNO,SANDIA,SAN JUAN DEL ORO,1527
211208,PUNO,SANDIA,YANAHUAYA,688
211209,PUNO,SANDIA,ALTO INAMBARI,2109
211210,PUNO,SANDIA,SAN PEDRO DE PUTINA PUNCO,2139
211301,PUNO,YUNGUYO,YUNGUYO,6565
211302,PUNO,YUNGUYO,ANAPIA,335
211303,PUNO,YUNGUYO,COPANI,2309
211304,PUNO,YUNGUYO,CUTURAPI,306
211305,PUNO,YUNGUYO,OLLARAYA,780
211306,PUNO,YUNGUYO,TINICACHI,148
211307,PUNO,YUNGUYO,UNICACHI,267
220101,SAN MARTIN,MOYOBAMBA,MOYOBAMBA,19972
220102,SAN MARTIN,MOYOBAMBA,CALZADA,1070
220103,SAN MARTIN,MOYOBAMBA,HABANA,364
220104,SAN MARTIN,MOYOBAMBA,JEPELACIO,6293
220105,SAN MARTIN,MOYOBAMBA,SORITOR,7887
220106,SAN MARTIN,MOYOBAMBA,YANTALO,622
220201,SAN MARTIN,BELLAVISTA,BELLAVISTA,3824
220202,SAN MARTIN,BELLAVISTA,ALTO BIAVO,7416
220203,SAN MARTIN,BELLAVISTA,BAJO BIAVO,3793
220204,SAN MARTIN,BELLAVISTA,HUALLAGA,825
220205,SAN MARTIN,BELLAVISTA,SAN PABLO,3682
220206,SAN MARTIN,BELLAVISTA,SAN RAFAEL,1467
220301,SAN MARTIN,EL DORADO,SAN JOSE DE SISA,8700
220302,SAN MARTIN,EL DORADO,AGUA BLANCA,818
220303,SAN MARTIN,EL DORADO,SAN MARTIN,5344
220304,SAN MARTIN,EL DORADO,SANTA ROSA,2746
220305,SAN MARTIN,EL DORADO,SHATOJA,1001
220401,SAN MARTIN,HUALLAGA,SAPOSOA,4912
220402,SAN MARTIN,HUALLAGA,ALTO SAPOSOA,1667
220403,SAN MARTIN,HUALLAGA,EL ESLABON,898
220404,SAN MARTIN,HUALLAGA,PISCOYACU,1503
220405,SAN MARTIN,HUALLAGA,SACANCHE,661
220406,SAN MARTIN,HUALLAGA,TINGO DE SAPOSOA,153
220501,SAN MARTIN,LAMAS,LAMAS,9194
220502,SAN MARTIN,LAMAS,ALONSO DE ALVARADO,7158
220503,SAN MARTIN,LAMAS,BARRANQUITA,5716
220504,SAN MARTIN,LAMAS,CAYNARACHI,4312
220505,SAN MARTIN,LAMAS,CUÑUMBUQUI,2928
220506,SAN MARTIN,LAMAS,PINTO RECODO,4571
220507,SAN MARTIN,LAMAS,RUMISAPA,1573
220508,SAN MARTIN,LAMAS,SAN ROQUE DE CUMBAZA,1378
220509,SAN MARTIN,LAMAS,SHANAO,969
220510,SAN MARTIN,LAMAS,TABALOSOS,6124
220511,SAN MARTIN,LAMAS,ZAPATERO,4237
220601,SAN MARTIN,MARISCAL CACERES,JUANJUI,7061
220602,SAN MARTIN,MARISCAL CACERES,CAMPANILLA,4644
220603,SAN MARTIN,MARISCAL CACERES,HUICUNGO,3201
220604,SAN MARTIN,MARISCAL CACERES,PACHIZA,1728
220605,SAN MARTIN,MARISCAL CACERES,PAJARILLO,2044
220701,SAN MARTIN,PICOTA,PICOTA,3287
220702,SAN MARTIN,PICOTA,BUENOS AIRES,1496
220703,SAN MARTIN,PICOTA,CASPISAPA,413
220704,SAN MARTIN,PICOTA,PILLUANA,368
220705,SAN MARTIN,PICOTA,PUCACACA,647
220706,SAN MARTIN,PICOTA,SAN CRISTOBAL,441
220707,SAN MARTIN,PICOTA,SAN HILARION,810
220708,SAN MARTIN,PICOTA,SHAMBOYACU,5141
220709,SAN MARTIN,PICOTA,TINGO DE PONASA,4029
220710,SAN MARTIN,PICOTA,TRES UNIDOS,1792
220801,SAN MARTIN,RIOJA,RIOJA,5237
220802,SAN MARTIN,RIOJA,AWAJUN,4644
220803,SAN MARTIN,RIOJA,ELIAS SOPLIN VARGAS,6317
220804,SAN MARTIN,RIOJA,NUEVA CAJAMARCA,12656
220805,SAN MARTIN,RIOJA,PARDO MIGUEL,6208
220806,SAN MARTIN,RIOJA,POSIC,674
220807,SAN MARTIN,RIOJA,SAN FERNANDO,737
220808,SAN MARTIN,RIOJA,YORONGOS,648
220809,SAN MARTIN,RIOJA,YURACYACU,1265
220901,SAN MARTIN,SAN MARTIN,TARAPOTO,11613
220902,SAN MARTIN,SAN MARTIN,ALBERTO LEVEAU,257
220903,SAN MARTIN,SAN MARTIN,CACATACHI,788
220904,SAN MARTIN,SAN MARTIN,CHAZUTA,4876
220905,SAN MARTIN,SAN MARTIN,CHIPURANA,2382
220906,SAN MARTIN,SAN MARTIN,EL PORVENIR,2200
220907,SAN MARTIN,SAN MARTIN,HUIMBAYOC,4320
220908,SAN MARTIN,SAN MARTIN,JUAN GUERRA,1127
220909,SAN MARTIN,SAN MARTIN,LA BANDA DE SHILCAYO,5972
220910,SAN MARTIN,SAN MARTIN,MORALES,4038
220911,SAN MARTIN,SAN MARTIN,PAPAPLAYA,1375
220912,SAN MARTIN,SAN MARTIN,SAN ANTONIO,586
220913,SAN MARTIN,SAN MARTIN,SAUCE,4431
220914,SAN MARTIN,SAN MARTIN,SHAPAJA,657
221001,SAN MARTIN,TOCACHE,TOCACHE,5969
221002,SAN MARTIN,TOCACHE,NUEVO PROGRESO,4954
221003,SAN MARTIN,TOCACHE,POLVORA,3806
221004,SAN MARTIN,TOCACHE,SHUNTE,947
221005,SAN MARTIN,TOCACHE,UCHIZA,6585
230101,TACNA,TACNA,TACNA,16767
230102,TACNA,TACNA,ALTO DE LA ALIANZA,3645
230103,TACNA,TACNA,CALANA,245
230104,TACNA,TACNA,CIUDAD NUEVA,3770
230105,TACNA,TACNA,INCLAN,461
230106,TACNA,TACNA,PACHIA,321
230107,TACNA,TACNA,PALCA,2639
230108,TACNA,TACNA,POCOLLAY,1475
230109,TACNA,TACNA,SAMA,335
230110,TACNA,TACNA,CORONEL GREGORIO ALBARRACIN LANCHIPA,10695
230111,TACNA,TACNA,La Yarada los Palos,1173
230201,TACNA,CANDARAVE,CANDARAVE,2704
230202,TACNA,CANDARAVE,CAIRANI,151
230203,TACNA,CANDARAVE,CAMILACA,856
230204,TACNA,CANDARAVE,CURIBAYA,26
230205,TACNA,CANDARAVE,HUANUARA,195
230206,TACNA,CANDARAVE,QUILAHUANI,1968
230301,TACNA,JORGE BASADRE,LOCUMBA,429
230302,TACNA,JORGE BASADRE,ILABAYA,413
230303,TACNA,JORGE BASADRE,ITE,448
230401,TACNA,TARATA,TARATA,1438
230402,TACNA,TARATA,HEROES ALBARRACIN (CHUCATAMANI),90
230403,TACNA,TARATA,ESTIQUE,48
230404,TACNA,TARATA,ESTIQUE-PAMPA,22
230405,TACNA,TARATA,SITAJARA,636
230406,TACNA,TARATA,SUSAPAYA,189
230407,TACNA,TARATA,TARUCACHI,62
230408,TACNA,TARATA,TICACO,238
240101,TUMBES,TUMBES,TUMBES,19070
240102,TUMBES,TUMBES,CORRALES,5348
240103,TUMBES,TUMBES,LA CRUZ,2214
240104,TUMBES,TUMBES,PAMPAS DE HOSPITAL,1676
240105,TUMBES,TUMBES,SAN JACINTO,2053
240106,TUMBES,TUMBES,SAN JUAN DE LA VIRGEN,1078
240201,TUMBES,CONTRALMIRANTE VILLAR,ZORRITOS,2242
240202,TUMBES,CONTRALMIRANTE VILLAR,CASITAS,468
240203,TUMBES,CONTRALMIRANTE VILLAR,CANOAS DE PUNTA SAL,1328
240301,TUMBES,ZARUMILLA,ZARUMILLA,4878
240302,TUMBES,ZARUMILLA,AGUAS VERDES,3064
240303,TUMBES,ZARUMILLA,MATAPALO,1019
240304,TUMBES,ZARUMILLA,PAPAYAL,1572
250101,UCAYALI,CORONEL PORTILLO,CALLERIA,43072
250102,UCAYALI,CORONEL PORTILLO,CAMPOVERDE,4777
250103,UCAYALI,CORONEL PORTILLO,IPARIA,8053
250104,UCAYALI,CORONEL PORTILLO,MASISEA,8287
250105,UCAYALI,CORONEL PORTILLO,YARINACOCHA,25971
250106,UCAYALI,CORONEL PORTILLO,NUEVA REQUENA,1857
250107,UCAYALI,CORONEL PORTILLO,MANANTAY,19954
250201,UCAYALI,ATALAYA,RAYMONDI,19714
250202,UCAYALI,ATALAYA,SEPAHUA,5088
250203,UCAYALI,ATALAYA,TAHUANIA,8147
250204,UCAYALI,ATALAYA,YURUA,1327
250301,UCAYALI,PADRE ABAD,PADRE ABAD,8784
250302,UCAYALI,PADRE ABAD,IRAZOLA,6725
250303,UCAYALI,PADRE ABAD,CURIMANA,5030
250304,UCAYALI,PADRE ABAD,NESHUYA,1811
250305,UCAYALI,PADRE ABAD,ALEXANDER VON HUMBOLDT,103
250401,UCAYALI,PURUS,PURUS,2132
